track_id,as_of_date,current_rank,rank_1d_ago,rank_3d_ago,rank_7d_ago,velocity_1d,velocity_3d,velocity_7d,acceleration,volatility_14d,days_tracked_so_far,n_sources_today,label
1,2026-08-11,1,,,,,,,,,1,1,1.0
1,2026-08-13,1,1.0,,,0.0,,,,,2,2,1.0
1,2026-08-14,1,1.0,1.0,,0.0,0.0,,,0.0,3,2,1.0
1,2026-08-15,1,1.0,1.0,,0.0,0.0,,,0.0,4,2,1.0
1,2026-08-16,1,1.0,1.0,,0.0,0.0,,,0.0,5,2,1.0
1,2026-08-18,2,1.0,1.0,1.0,-1.0,-0.3333333333333333,-0.14285714285714285,-0.19047619047619047,0.408248290463863,6,2,1.0
1,2026-08-20,6,2.0,1.0,1.0,-4.0,-1.6666666666666667,-0.7142857142857143,-0.9523809523809524,1.8644544714716087,7,2,1.0
1,2026-08-21,8,6.0,2.0,1.0,-2.0,-2.0,-1.0,-1.0,2.774243783705493,8,2,1.0
1,2026-08-22,10,8.0,2.0,1.0,-2.0,-2.6666666666666665,-1.2857142857142858,-1.3809523809523807,3.5746017649212027,9,2,1.0
1,2026-08-23,6,10.0,6.0,1.0,4.0,0.0,-0.7142857142857143,0.7142857142857143,3.4657049948186747,10,2,1.0
1,2026-08-24,6,6.0,8.0,1.0,0.0,0.6666666666666666,-0.7142857142857143,1.380952380952381,3.3601947995479504,11,2,
1,2026-08-25,6,6.0,10.0,2.0,0.0,1.3333333333333333,-0.5714285714285714,1.9047619047619047,3.260182184907445,12,2,1.0
1,2026-08-26,7,6.0,6.0,2.0,-1.0,-0.3333333333333333,-0.7142857142857143,0.380952380952381,3.2039275140289165,13,2,1.0
1,2026-08-27,8,7.0,6.0,6.0,-1.0,-0.6666666666666666,-0.2857142857142857,-0.38095238095238093,3.210559500724493,14,2,
1,2026-08-28,8,8.0,6.0,8.0,0.0,-0.6666666666666666,0.0,-0.6666666666666666,3.0967311135685627,15,2,
1,2026-08-31,11,,8.0,6.0,,-1.0,-0.7142857142857143,-0.2857142857142857,2.3855626361320073,16,2,
1,2026-09-14,23,,,,,,,,,17,1,
1,2026-09-15,23,23.0,,,0.0,,,,,18,1,
2,2026-08-11,2,,,,,,,,,1,1,1.0
2,2026-08-13,2,2.0,,,0.0,,,,,2,2,1.0
2,2026-08-14,2,2.0,2.0,,0.0,0.0,,,0.0,3,2,1.0
2,2026-08-15,3,2.0,2.0,,-1.0,-0.3333333333333333,,,0.5,4,2,1.0
2,2026-08-16,3,3.0,2.0,,0.0,-0.3333333333333333,,,0.5477225575051661,5,2,1.0
2,2026-08-18,3,3.0,3.0,2.0,0.0,0.0,-0.14285714285714285,0.14285714285714285,0.5477225575051661,6,2,1.0
2,2026-08-20,5,3.0,3.0,2.0,-2.0,-0.6666666666666666,-0.42857142857142855,-0.23809523809523808,1.0690449676496976,7,2,1.0
2,2026-08-21,5,5.0,3.0,2.0,0.0,-0.6666666666666666,-0.42857142857142855,-0.23809523809523808,1.246423454758225,8,2,1.0
2,2026-08-22,7,5.0,3.0,3.0,-2.0,-1.3333333333333333,-0.5714285714285714,-0.7619047619047619,1.740051084818425,9,2,1.0
2,2026-08-23,5,7.0,5.0,3.0,2.0,0.0,-0.2857142857142857,0.2857142857142857,1.7029386365926402,10,2,1.0
2,2026-08-24,5,5.0,5.0,3.0,0.0,0.0,-0.2857142857142857,0.2857142857142857,1.6624188291872668,11,2,
2,2026-08-25,5,5.0,7.0,3.0,0.0,0.6666666666666666,-0.2857142857142857,0.9523809523809523,1.6213537179739277,12,2,1.0
2,2026-08-26,5,5.0,5.0,3.0,0.0,0.0,-0.2857142857142857,0.2857142857142857,1.5275252316519465,13,2,1.0
2,2026-08-27,5,5.0,5.0,5.0,0.0,0.0,0.0,0.0,1.4806443503784736,14,2,
2,2026-08-28,5,5.0,5.0,5.0,0.0,0.0,0.0,0.0,1.3301243435223522,15,2,
2,2026-08-31,6,,5.0,5.0,,-0.3333333333333333,-0.14285714285714285,-0.19047619047619047,0.9438798074485388,16,2,
2,2026-09-14,6,,,,,,,,,17,2,
2,2026-09-15,6,6.0,,,0.0,,,,,18,2,
3,2026-08-11,3,,,,,,,,,1,1,1.0
3,2026-08-13,2,3.0,,,1.0,,,,,2,2,1.0
3,2026-08-14,3,2.0,3.0,,-1.0,0.0,,,0.5773502691896258,3,2,1.0
3,2026-08-15,2,3.0,3.0,,1.0,0.3333333333333333,,,0.5773502691896257,4,2,1.0
3,2026-08-16,2,2.0,2.0,,0.0,0.0,,,0.5477225575051661,5,2,1.0
3,2026-08-18,1,2.0,2.0,3.0,1.0,0.3333333333333333,0.2857142857142857,0.047619047619047616,0.752772652709081,6,2,1.0
3,2026-08-20,1,1.0,2.0,2.0,0.0,0.3333333333333333,0.14285714285714285,0.19047619047619047,0.816496580927726,7,2,1.0
3,2026-08-21,1,1.0,1.0,3.0,0.0,0.0,0.2857142857142857,-0.2857142857142857,0.8345229603962802,8,2,1.0
3,2026-08-22,1,1.0,1.0,2.0,0.0,0.0,0.14285714285714285,-0.14285714285714285,0.8333333333333334,9,2,1.0
3,2026-08-23,1,1.0,1.0,2.0,0.0,0.0,0.14285714285714285,-0.14285714285714285,0.8232726023485647,10,2,1.0
3,2026-08-24,1,1.0,1.0,2.0,0.0,0.0,0.14285714285714285,-0.14285714285714285,0.8090398349558905,11,2,
3,2026-08-25,1,1.0,1.0,1.0,0.0,0.0,0.0,0.0,0.792961461098759,12,2,1.0
3,2026-08-26,1,1.0,1.0,1.0,0.0,0.0,0.0,0.0,0.6685579234215213,13,2,1.0
3,2026-08-27,1,1.0,1.0,1.0,0.0,0.0,0.0,0.0,0.650443635587991,14,2,
3,2026-08-28,1,1.0,1.0,1.0,0.0,0.0,0.0,0.0,0.630425171956115,15,2,
3,2026-08-31,1,,1.0,1.0,,0.0,0.0,0.0,0.0,16,2,
3,2026-09-14,3,,,,,,,,,17,2,
3,2026-09-15,3,3.0,,,0.0,,,,,18,2,
4,2026-08-11,4,,,,,,,,,1,1,1.0
4,2026-08-13,5,4.0,,,-1.0,,,,,2,2,1.0
4,2026-08-14,5,5.0,4.0,,0.0,-0.3333333333333333,,,0.5773502691896258,3,2,1.0
4,2026-08-15,4,5.0,4.0,,1.0,0.0,,,0.5773502691896257,4,2,1.0
4,2026-08-16,5,4.0,5.0,,-1.0,0.0,,,0.5477225575051662,5,2,1.0
4,2026-08-18,4,5.0,4.0,4.0,1.0,0.0,0.0,0.0,0.5477225575051661,6,2,1.0
4,2026-08-20,2,4.0,5.0,5.0,2.0,1.0,0.42857142857142855,0.5714285714285714,1.0690449676496976,7,2,1.0
4,2026-08-21,3,2.0,4.0,5.0,-1.0,0.3333333333333333,0.2857142857142857,0.047619047619047616,1.0690449676496976,8,2,1.0
4,2026-08-22,3,3.0,4.0,4.0,0.0,0.3333333333333333,0.14285714285714285,0.19047619047619047,1.0540925533894598,9,2,1.0
4,2026-08-23,3,3.0,2.0,5.0,0.0,-0.3333333333333333,0.2857142857142857,-0.6190476190476191,1.0327955589886446,10,2,1.0
4,2026-08-24,3,3.0,3.0,5.0,0.0,0.0,0.2857142857142857,-0.2857142857142857,1.009049958219026,11,2,
4,2026-08-25,3,3.0,3.0,4.0,0.0,0.0,0.14285714285714285,-0.14285714285714285,0.984731927834662,12,2,1.0
4,2026-08-26,3,3.0,3.0,4.0,0.0,0.0,0.14285714285714285,-0.14285714285714285,0.996204919895622,13,2,1.0
4,2026-08-27,3,3.0,3.0,2.0,0.0,0.0,-0.14285714285714285,0.14285714285714285,0.9674179220468453,14,2,
4,2026-08-28,3,3.0,3.0,3.0,0.0,0.0,0.0,0.0,0.8697184926229038,15,2,
4,2026-08-31,2,,3.0,3.0,,0.3333333333333333,0.14285714285714285,0.19047619047619047,0.5393598899705938,16,2,
4,2026-09-14,5,,,,,,,,,17,2,
4,2026-09-15,5,5.0,,,0.0,,,,,18,2,
5,2026-08-11,5,,,,,,,,,1,1,1.0
5,2026-08-13,1,5.0,,,4.0,,,,,2,2,1.0
5,2026-08-14,1,1.0,5.0,,0.0,1.3333333333333333,,,2.3094010767585034,3,2,1.0
5,2026-08-15,1,1.0,5.0,,0.0,1.3333333333333333,,,2.0,4,2,1.0
5,2026-08-16,1,1.0,1.0,,0.0,0.0,,,1.7888543819998322,5,2,1.0
5,2026-08-18,2,1.0,1.0,5.0,-1.0,-0.3333333333333333,0.42857142857142855,-0.7619047619047619,1.6020819787597222,6,2,1.0
5,2026-08-20,3,2.0,1.0,1.0,-1.0,-0.6666666666666666,-0.2857142857142857,-0.38095238095238093,1.5275252316519468,7,2,1.0
5,2026-08-21,2,3.0,2.0,1.0,1.0,0.0,-0.14285714285714285,0.14285714285714285,1.4142135623730951,8,2,1.0
5,2026-08-22,1,2.0,2.0,1.0,1.0,0.3333333333333333,0.0,0.3333333333333333,1.3642254619787415,9,2,1.0
5,2026-08-23,1,1.0,3.0,1.0,0.0,0.6666666666666666,0.0,0.6666666666666666,1.3165611772087666,10,2,1.0
5,2026-08-24,1,1.0,2.0,1.0,0.0,0.3333333333333333,0.0,0.3333333333333333,1.2720777563426766,11,2,
5,2026-08-25,1,1.0,1.0,2.0,0.0,0.0,0.14285714285714285,-0.14285714285714285,1.2309149097933272,12,2,1.0
5,2026-08-26,1,1.0,1.0,2.0,0.0,0.0,0.14285714285714285,-0.14285714285714285,0.6513389472789295,13,2,1.0
5,2026-08-27,1,1.0,1.0,3.0,0.0,0.0,0.2857142857142857,-0.2857142857142857,0.630425171956115,14,2,
5,2026-08-28,1,1.0,1.0,2.0,0.0,0.0,0.14285714285714285,-0.14285714285714285,0.630425171956115,15,2,
5,2026-08-31,1,,1.0,1.0,,0.0,0.0,0.0,0.674199862463242,16,2,
5,2026-09-14,1,,,,,,,,,17,2,
5,2026-09-15,1,1.0,,,0.0,,,,,18,2,
6,2026-08-11,6,,,,,,,,,1,1,1.0
6,2026-08-13,6,6.0,,,0.0,,,,,2,2,1.0
6,2026-08-14,6,6.0,6.0,,0.0,0.0,,,0.0,3,2,1.0
6,2026-08-15,6,6.0,6.0,,0.0,0.0,,,0.0,4,2,1.0
6,2026-08-16,6,6.0,6.0,,0.0,0.0,,,0.0,5,2,1.0
6,2026-08-18,6,6.0,6.0,6.0,0.0,0.0,0.0,0.0,0.0,6,2,1.0
6,2026-08-20,4,6.0,6.0,6.0,2.0,0.6666666666666666,0.2857142857142857,0.38095238095238093,0.7559289460184545,7,2,1.0
6,2026-08-21,4,4.0,6.0,6.0,0.0,0.6666666666666666,0.2857142857142857,0.38095238095238093,0.9258200997725514,8,2,1.0
6,2026-08-22,4,4.0,6.0,6.0,0.0,0.6666666666666666,0.2857142857142857,0.38095238095238093,0.9999999999999999,9,2,1.0
6,2026-08-23,4,4.0,4.0,6.0,0.0,0.0,0.2857142857142857,-0.2857142857142857,1.0327955589886446,10,2,1.0
6,2026-08-24,4,4.0,4.0,6.0,0.0,0.0,0.2857142857142857,-0.2857142857142857,1.044465935734187,11,2,
6,2026-08-25,4,4.0,4.0,6.0,0.0,0.0,0.2857142857142857,-0.2857142857142857,1.044465935734187,12,2,1.0
6,2026-08-26,4,4.0,4.0,6.0,0.0,0.0,0.2857142857142857,-0.2857142857142857,1.0298573010888745,13,2,1.0
6,2026-08-27,4,4.0,4.0,4.0,0.0,0.0,0.0,0.0,1.0127393670836669,14,2,
6,2026-08-28,4,4.0,4.0,4.0,0.0,0.0,0.0,0.0,0.960768922830523,15,2,
6,2026-08-31,3,,4.0,4.0,,0.3333333333333333,0.14285714285714285,0.19047619047619047,0.7006490497453708,16,2,
6,2026-09-14,1,,,,,,,,,17,2,
6,2026-09-15,1,1.0,,,0.0,,,,,18,2,
7,2026-08-11,7,,,,,,,,,1,1,0.0
7,2026-08-13,10,7.0,,,-3.0,,,,,2,2,0.0
7,2026-08-14,13,10.0,7.0,,-3.0,-2.0,,,3.0,3,2,
7,2026-08-15,16,13.0,7.0,,-3.0,-3.0,,,3.872983346207417,4,1,
7,2026-08-16,22,16.0,10.0,,-6.0,-4.0,,,5.770615218501403,5,1,
7,2026-08-18,36,22.0,16.0,7.0,-14.0,-6.666666666666667,-4.142857142857143,-2.5238095238095237,10.500793620801558,6,1,
8,2026-08-11,8,,,,,,,,,1,1,1.0
8,2026-08-13,8,8.0,,,0.0,,,,,2,2,0.0
8,2026-08-14,12,8.0,8.0,,-4.0,-1.3333333333333333,,,2.3094010767585034,3,2,0.0
8,2026-08-15,13,12.0,8.0,,-1.0,-1.6666666666666667,,,2.6299556396765835,4,1,0.0
8,2026-08-16,17,13.0,8.0,,-4.0,-3.0,,,3.7815340802378077,5,1,0.0
8,2026-08-18,30,17.0,13.0,8.0,-13.0,-5.666666666666667,-3.142857142857143,-2.523809523809524,8.238122763510306,6,1,0.0
8,2026-08-20,46,30.0,17.0,8.0,-16.0,-9.666666666666666,-5.428571428571429,-4.238095238095237,14.02888177331051,7,1,
8,2026-08-21,46,46.0,30.0,12.0,0.0,-5.333333333333333,-4.857142857142857,-0.4761904761904763,16.08903797177267,8,1,
8,2026-08-22,47,46.0,30.0,13.0,-1.0,-5.666666666666667,-4.857142857142857,-0.8095238095238102,17.12292160948138,9,1,
8,2026-08-23,49,47.0,46.0,17.0,-2.0,-1.0,-4.571428571428571,3.571428571428571,17.8088617142016,10,1,
8,2026-08-24,50,49.0,46.0,17.0,-1.0,-1.3333333333333333,-4.714285714285714,3.3809523809523814,18.194904381571934,11,1,
9,2026-08-11,9,,,,,,,,,1,1,0.0
9,2026-08-13,15,9.0,,,-6.0,,,,,2,2,0.0
9,2026-08-14,15,15.0,9.0,,0.0,-2.0,,,3.4641016151377544,3,1,
9,2026-08-15,22,15.0,9.0,,-7.0,-4.333333333333333,,,5.315072906367325,4,1,
9,2026-08-16,27,22.0,15.0,,-5.0,-4.0,,,6.985699678629192,5,1,
9,2026-08-18,48,27.0,22.0,9.0,-21.0,-8.666666666666666,-5.571428571428571,-3.095238095238095,13.894843168120563,6,1,
10,2026-08-11,10,,,,,,,,,1,1,0.0
10,2026-08-13,14,10.0,,,-4.0,,,,,2,2,0.0
10,2026-08-14,14,14.0,10.0,,0.0,-1.3333333333333333,,,2.3094010767585034,3,2,
10,2026-08-15,19,14.0,10.0,,-5.0,-3.0,,,3.685557397915997,4,1,
10,2026-08-16,23,19.0,14.0,,-4.0,-3.0,,,5.049752469181039,5,1,
10,2026-08-18,40,23.0,19.0,10.0,-17.0,-7.0,-4.285714285714286,-2.7142857142857144,10.788883167408942,6,1,
11,2026-08-11,11,,,,,,,,,1,1,1.0
11,2026-08-13,7,11.0,,,4.0,,,,,2,2,1.0
11,2026-08-14,7,7.0,11.0,,0.0,1.3333333333333333,,,2.3094010767585034,3,2,1.0
11,2026-08-15,7,7.0,11.0,,0.0,1.3333333333333333,,,2.0,4,2,1.0
11,2026-08-16,7,7.0,7.0,,0.0,0.0,,,1.7888543819998322,5,2,1.0
11,2026-08-18,7,7.0,7.0,11.0,0.0,0.0,0.5714285714285714,-0.5714285714285714,1.632993161855452,6,2,1.0
11,2026-08-20,10,7.0,7.0,7.0,-3.0,-1.0,-0.42857142857142855,-0.5714285714285714,1.7320508075688772,7,2,1.0
11,2026-08-21,13,10.0,7.0,7.0,-3.0,-2.0,-0.8571428571428571,-1.1428571428571428,2.38671920665766,8,2,1.0
11,2026-08-22,13,13.0,7.0,7.0,0.0,-2.0,-0.8571428571428571,-1.1428571428571428,2.6666666666666665,9,2,1.0
11,2026-08-23,7,13.0,10.0,7.0,6.0,1.0,0.0,1.0,2.601281735350223,10,2,1.0
11,2026-08-24,7,7.0,13.0,7.0,0.0,2.0,0.0,2.0,2.5334130768948473,11,2,
11,2026-08-25,7,7.0,13.0,7.0,0.0,2.0,0.0,2.0,2.4664414311581235,12,2,1.0
11,2026-08-26,6,7.0,7.0,7.0,1.0,0.3333333333333333,0.14285714285714285,0.19047619047619047,2.443296332763787,13,2,1.0
11,2026-08-27,6,6.0,7.0,10.0,0.0,0.3333333333333333,0.5714285714285714,-0.23809523809523808,2.41522945769824,14,2,
11,2026-08-28,6,6.0,7.0,13.0,0.0,0.3333333333333333,1.0,-0.6666666666666667,2.4651415936864716,15,2,
11,2026-08-31,7,,6.0,7.0,,-0.3333333333333333,0.0,-0.3333333333333333,2.6628760937957834,16,2,
11,2026-09-14,10,,,,,,,,,17,2,
11,2026-09-15,10,10.0,,,0.0,,,,,18,2,
12,2026-08-11,12,,,,,,,,,1,1,0.0
12,2026-08-13,16,12.0,,,-4.0,,,,,2,2,
12,2026-08-14,17,16.0,12.0,,-1.0,-1.6666666666666667,,,2.6457513110645907,3,1,
12,2026-08-15,24,17.0,12.0,,-7.0,-4.0,,,4.9916597106239795,4,1,
12,2026-08-16,29,24.0,16.0,,-5.0,-4.333333333333333,,,6.8044103344816,5,1,
13,2026-08-11,13,,,,,,,,,1,1,0.0
13,2026-08-13,17,13.0,,,-4.0,,,,,2,2,0.0
13,2026-08-14,21,17.0,13.0,,-4.0,-2.6666666666666665,,,4.0,3,1,
13,2026-08-15,26,21.0,13.0,,-5.0,-4.333333333333333,,,5.560275772537426,4,1,
13,2026-08-16,28,26.0,17.0,,-2.0,-3.6666666666666665,,,6.2048368229954285,5,1,
13,2026-08-18,47,28.0,26.0,13.0,-19.0,-7.0,-4.857142857142857,-2.1428571428571432,11.97775716345371,6,1,
15,2026-08-11,15,,,,,,,,,1,1,1.0
15,2026-08-13,9,15.0,,,6.0,,,,,2,2,1.0
15,2026-08-14,8,9.0,15.0,,1.0,2.3333333333333335,,,3.7859388972001824,3,2,1.0
15,2026-08-15,8,8.0,15.0,,0.0,2.3333333333333335,,,3.366501646120693,4,2,1.0
15,2026-08-16,8,8.0,9.0,,0.0,0.3333333333333333,,,3.0495901363953815,5,2,1.0
15,2026-08-18,10,8.0,8.0,15.0,-2.0,-0.6666666666666666,0.7142857142857143,-1.380952380952381,2.7325202042558927,6,2,1.0
15,2026-08-20,16,10.0,8.0,9.0,-6.0,-2.6666666666666665,-1.0,-1.6666666666666665,3.4572215654165053,7,2,1.0
15,2026-08-21,18,16.0,10.0,8.0,-2.0,-2.6666666666666665,-1.4285714285714286,-1.238095238095238,4.140393356054125,8,2,1.0
15,2026-08-22,18,18.0,10.0,8.0,0.0,-2.6666666666666665,-1.4285714285714286,-1.238095238095238,4.437842318564782,9,2,1.0
15,2026-08-23,11,18.0,16.0,8.0,7.0,1.6666666666666667,-0.42857142857142855,2.0952380952380953,4.201851443775179,10,2,1.0
15,2026-08-24,10,11.0,18.0,8.0,1.0,2.6666666666666665,-0.2857142857142857,2.952380952380952,4.036199832876104,11,2,
15,2026-08-25,9,10.0,18.0,10.0,1.0,3.0,0.14285714285714285,2.857142857142857,3.9389277113386476,12,2,1.0
15,2026-08-26,7,9.0,11.0,10.0,2.0,1.3333333333333333,0.42857142857142855,0.9047619047619047,4.0,13,2,1.0
15,2026-08-27,5,7.0,10.0,16.0,2.0,1.6666666666666667,1.5714285714285714,0.09523809523809534,4.175631381707134,14,2,
15,2026-08-28,6,5.0,9.0,18.0,-1.0,1.0,1.7142857142857142,-0.7142857142857142,4.3471181140424395,15,2,
15,2026-08-31,8,,6.0,10.0,,-0.6666666666666666,0.2857142857142857,-0.9523809523809523,4.627978156623238,16,2,
15,2026-09-14,10,,,,,,,,,17,2,
15,2026-09-15,8,10.0,,,2.0,,,,,18,2,
16,2026-08-11,16,,,,,,,,,1,1,1.0
16,2026-08-13,12,16.0,,,4.0,,,,,2,2,1.0
16,2026-08-14,11,12.0,16.0,,1.0,1.6666666666666667,,,2.6457513110645907,3,2,1.0
16,2026-08-15,11,11.0,16.0,,0.0,1.6666666666666667,,,2.3804761428476167,4,2,1.0
16,2026-08-16,12,11.0,12.0,,-1.0,0.0,,,2.073644135332772,5,2,0.0
16,2026-08-18,15,12.0,11.0,16.0,-3.0,-1.3333333333333333,0.14285714285714285,-1.476190476190476,2.136976056643281,6,2,1.0
16,2026-08-20,20,15.0,12.0,12.0,-5.0,-2.6666666666666665,-1.1428571428571428,-1.5238095238095237,3.338091841585121,7,2,1.0
16,2026-08-21,22,20.0,15.0,11.0,-2.0,-2.3333333333333335,-1.5714285714285714,-0.7619047619047621,4.223657859520077,8,2,1.0
16,2026-08-22,20,22.0,15.0,11.0,2.0,-1.6666666666666667,-1.2857142857142858,-0.38095238095238093,4.304390523381652,9,2,1.0
16,2026-08-23,15,20.0,20.0,12.0,5.0,1.6666666666666667,-0.42857142857142855,2.0952380952380953,4.060651288757616,10,2,1.0
16,2026-08-24,13,15.0,22.0,12.0,2.0,3.0,-0.14285714285714285,3.142857142857143,3.9196474795109273,11,2,
16,2026-08-25,14,13.0,20.0,15.0,-1.0,2.0,0.14285714285714285,1.8571428571428572,3.752776749732568,12,2,1.0
16,2026-08-26,14,14.0,15.0,15.0,0.0,0.3333333333333333,0.14285714285714285,0.19047619047619047,3.7527767497325675,13,2,1.0
16,2026-08-27,14,14.0,13.0,20.0,0.0,-0.3333333333333333,0.8571428571428571,-1.1904761904761905,3.601993749905595,14,2,
16,2026-08-28,13,14.0,14.0,22.0,1.0,0.3333333333333333,1.2857142857142858,-0.9523809523809526,3.546395786840927,15,2,
16,2026-08-31,12,,13.0,13.0,,0.3333333333333333,0.14285714285714285,0.19047619047619047,3.3844564489065974,16,2,
16,2026-09-14,14,,,,,,,,,17,2,
16,2026-09-15,15,14.0,,,-1.0,,,,,18,2,
17,2026-08-11,17,,,,,,,,,1,1,0.0
17,2026-08-13,23,17.0,,,-6.0,,,,,2,2,
17,2026-08-14,27,23.0,17.0,,-4.0,-3.3333333333333335,,,5.033222956847167,3,1,
17,2026-08-15,34,27.0,17.0,,-7.0,-5.666666666666667,,,7.135591542869215,4,1,
17,2026-08-16,43,34.0,23.0,,-9.0,-6.666666666666667,,,10.059821071967434,5,1,
18,2026-08-11,18,,,,,,,,,1,1,1.0
18,2026-08-13,8,18.0,,,10.0,,,,,2,2,1.0
18,2026-08-14,9,8.0,18.0,,-1.0,3.0,,,5.507570547286102,3,2,1.0
18,2026-08-15,10,9.0,18.0,,-1.0,2.6666666666666665,,,4.573474244670748,4,2,1.0
18,2026-08-16,10,10.0,8.0,,0.0,-0.6666666666666666,,,4.0,5,2,0.0
18,2026-08-18,14,10.0,10.0,18.0,-4.0,-1.3333333333333333,0.5714285714285714,-1.9047619047619047,3.7815340802378077,6,2,1.0
18,2026-08-20,19,14.0,10.0,8.0,-5.0,-3.0,-1.5714285714285714,-1.4285714285714286,4.466808810815721,7,2,1.0
18,2026-08-21,21,19.0,14.0,9.0,-2.0,-2.3333333333333335,-1.7142857142857142,-0.6190476190476193,5.097268175909804,8,2,1.0
18,2026-08-22,22,21.0,14.0,10.0,-1.0,-2.6666666666666665,-1.7142857142857142,-0.9523809523809523,5.525194818083592,9,2,1.0
18,2026-08-23,17,22.0,19.0,10.0,5.0,0.6666666666666666,-1.0,1.6666666666666665,5.266244708835067,10,2,1.0
18,2026-08-24,12,17.0,21.0,10.0,5.0,3.0,-0.2857142857142857,3.2857142857142856,5.066826153789695,11,2,
18,2026-08-25,12,12.0,22.0,14.0,0.0,3.3333333333333335,0.2857142857142857,3.047619047619048,4.886592665527574,12,2,1.0
18,2026-08-26,12,12.0,17.0,14.0,0.0,1.6666666666666667,0.2857142857142857,1.380952380952381,4.783177592227564,13,2,1.0
18,2026-08-27,12,12.0,12.0,19.0,0.0,0.0,1.0,-1.0,4.607685886729827,14,2,
18,2026-08-28,10,12.0,12.0,21.0,2.0,0.6666666666666666,1.5714285714285714,-0.9047619047619048,4.431819676050194,15,2,
18,2026-08-31,9,,10.0,12.0,,0.3333333333333333,0.42857142857142855,-0.09523809523809523,4.480259732730601,16,2,
18,2026-09-14,12,,,,,,,,,17,2,
18,2026-09-15,9,12.0,,,3.0,,,,,18,2,
19,2026-08-11,19,,,,,,,,,1,1,1.0
19,2026-08-13,10,19.0,,,9.0,,,,,2,2,1.0
19,2026-08-14,9,10.0,19.0,,1.0,3.3333333333333335,,,5.507570547286102,3,2,1.0
19,2026-08-15,9,9.0,19.0,,0.0,3.3333333333333335,,,4.856267428111155,4,2,1.0
19,2026-08-16,9,9.0,10.0,,0.0,0.3333333333333333,,,4.3817804600413295,5,2,1.0
19,2026-08-18,12,9.0,9.0,19.0,-3.0,-1.0,1.0,-2.0,3.9327683210007,6,2,1.0
19,2026-08-20,17,12.0,9.0,10.0,-5.0,-2.6666666666666665,-1.0,-1.6666666666666665,4.180453381654971,7,2,1.0
19,2026-08-21,19,17.0,12.0,9.0,-2.0,-2.3333333333333335,-1.4285714285714286,-0.9047619047619049,4.566962103755937,8,2,1.0
19,2026-08-22,19,19.0,12.0,9.0,0.0,-2.3333333333333335,-1.4285714285714286,-0.9047619047619049,4.716990566028302,9,2,1.0
19,2026-08-23,14,19.0,17.0,9.0,5.0,1.0,-0.7142857142857143,1.7142857142857144,4.4484703987875305,10,2,1.0
19,2026-08-24,11,14.0,19.0,9.0,3.0,2.6666666666666665,-0.2857142857142857,2.952380952380952,4.297991074063239,11,2,
19,2026-08-25,11,11.0,19.0,12.0,0.0,2.6666666666666665,0.14285714285714285,2.5238095238095237,4.1587804156332355,12,2,1.0
19,2026-08-26,9,11.0,14.0,12.0,2.0,1.6666666666666667,0.42857142857142855,1.2380952380952381,3.895412997904385,13,2,1.0
19,2026-08-27,7,9.0,11.0,17.0,2.0,1.3333333333333333,1.4285714285714286,-0.09523809523809534,4.02077936060494,14,2,
19,2026-08-28,8,7.0,11.0,19.0,-1.0,1.0,1.5714285714285714,-0.5714285714285714,4.1401721752875975,15,2,
19,2026-08-31,10,,8.0,11.0,,-0.6666666666666666,0.14285714285714285,-0.8095238095238095,4.25120303828543,16,2,
19,2026-09-14,7,,,,,,,,,17,2,
19,2026-09-15,7,7.0,,,0.0,,,,,18,2,
20,2026-08-11,20,,,,,,,,,1,1,0.0
20,2026-08-13,19,20.0,,,1.0,,,,,2,2,0.0
20,2026-08-14,18,19.0,20.0,,1.0,0.6666666666666666,,,1.0,3,2,0.0
20,2026-08-15,20,18.0,20.0,,-2.0,0.0,,,0.9574271077563381,4,2,0.0
20,2026-08-16,24,20.0,19.0,,-4.0,-1.6666666666666667,,,2.280350850198276,5,1,0.0
20,2026-08-18,33,24.0,20.0,20.0,-9.0,-4.333333333333333,-1.8571428571428572,-2.476190476190476,5.609515724790035,6,1,0.0
20,2026-08-20,42,33.0,24.0,19.0,-9.0,-6.0,-3.2857142857142856,-2.7142857142857144,9.026416258748013,7,1,0.0
20,2026-08-21,43,42.0,33.0,18.0,-1.0,-3.3333333333333335,-3.5714285714285716,0.23809523809523814,10.473606283006278,8,1,0.0
20,2026-08-22,44,43.0,33.0,20.0,-1.0,-3.6666666666666665,-3.4285714285714284,-0.23809523809523814,11.255862669935363,9,1,0.0
20,2026-08-23,41,44.0,42.0,24.0,3.0,0.3333333333333333,-2.4285714285714284,2.761904761904762,11.246727919216722,10,1,0.0
20,2026-08-24,40,41.0,43.0,24.0,1.0,1.0,-2.2857142857142856,3.2857142857142856,11.05523323219288,11,1,
20,2026-08-25,39,40.0,44.0,33.0,1.0,1.6666666666666667,-0.8571428571428571,2.5238095238095237,10.77419757259599,12,1,
20,2026-08-26,43,39.0,41.0,33.0,-4.0,-0.6666666666666666,-1.4285714285714286,0.761904761904762,10.503967504392488,13,1,
20,2026-08-27,42,43.0,40.0,42.0,1.0,-0.6666666666666666,0.0,-0.6666666666666666,10.30869685116556,14,1,
20,2026-08-28,47,42.0,39.0,43.0,-5.0,-2.6666666666666665,-0.5714285714285714,-2.095238095238095,9.717153745983282,15,1,
21,2026-08-11,21,,,,,,,,,1,1,0.0
21,2026-08-13,27,21.0,,,-6.0,,,,,2,1,
21,2026-08-14,31,27.0,21.0,,-4.0,-3.3333333333333335,,,5.033222956847167,3,1,
21,2026-08-15,35,31.0,21.0,,-4.0,-4.666666666666667,,,5.972157622389639,4,1,
21,2026-08-16,49,35.0,27.0,,-14.0,-7.333333333333333,,,10.526157893552615,5,1,
22,2026-08-11,22,,,,,,,,,1,1,1.0
22,2026-08-13,18,22.0,,,4.0,,,,,2,2,1.0
22,2026-08-14,16,18.0,22.0,,2.0,2.0,,,3.0550504633038935,3,2,0.0
22,2026-08-15,14,16.0,22.0,,2.0,2.6666666666666665,,,3.415650255319866,4,2,0.0
22,2026-08-16,14,14.0,18.0,,0.0,1.3333333333333333,,,3.3466401061363023,5,2,0.0
22,2026-08-18,20,14.0,14.0,22.0,-6.0,-2.0,0.2857142857142857,-2.2857142857142856,3.265986323710904,6,2,0.0
22,2026-08-20,26,20.0,14.0,18.0,-6.0,-4.0,-1.1428571428571428,-2.857142857142857,4.429339411136565,7,2,1.0
22,2026-08-21,28,26.0,20.0,16.0,-2.0,-2.6666666666666665,-1.7142857142857142,-0.9523809523809523,5.284748946598261,8,2,1.0
22,2026-08-22,30,28.0,20.0,14.0,-2.0,-3.3333333333333335,-2.2857142857142856,-1.047619047619048,6.009252125773315,9,2,1.0
22,2026-08-23,24,30.0,26.0,14.0,6.0,0.6666666666666666,-1.4285714285714286,2.0952380952380953,5.750362307426087,10,2,1.0
22,2026-08-24,21,24.0,28.0,14.0,3.0,2.3333333333333335,-1.0,3.3333333333333335,5.455605957511628,11,2,
22,2026-08-25,19,21.0,30.0,20.0,2.0,3.6666666666666665,0.14285714285714285,3.5238095238095237,5.239708527632568,12,2,1.0
22,2026-08-26,16,19.0,24.0,20.0,3.0,2.6666666666666665,0.5714285714285714,2.095238095238095,5.418822414845901,13,2,1.0
22,2026-08-27,16,16.0,21.0,26.0,0.0,1.6666666666666667,1.4285714285714286,0.23809523809523814,5.336137083542642,14,2,
22,2026-08-28,16,16.0,19.0,28.0,0.0,1.0,1.7142857142857142,-0.7142857142857142,5.431390245600108,15,2,
22,2026-08-31,17,,16.0,21.0,,-0.3333333333333333,0.5714285714285714,-0.9047619047619047,5.09545251804355,16,2,
22,2026-09-14,20,,,,,,,,,17,2,
22,2026-09-15,21,20.0,,,-1.0,,,,,18,2,
23,2026-08-11,23,,,,,,,,,1,1,
23,2026-08-13,37,23.0,,,-14.0,,,,,2,1,
23,2026-08-14,42,37.0,23.0,,-5.0,-6.333333333333333,,,9.848857801796104,3,1,
24,2026-08-11,24,,,,,,,,,1,1,1.0
24,2026-08-13,21,24.0,,,3.0,,,,,2,2,0.0
24,2026-08-14,20,21.0,24.0,,1.0,1.3333333333333333,,,2.081665999466133,3,2,0.0
24,2026-08-15,18,20.0,24.0,,2.0,2.0,,,2.5,4,1,0.0
24,2026-08-16,19,18.0,21.0,,-1.0,0.6666666666666666,,,2.3021728866442674,5,1,0.0
24,2026-08-18,24,19.0,18.0,24.0,-5.0,-2.0,0.0,-2.0,2.5298221281347035,6,1,0.0
24,2026-08-20,31,24.0,19.0,21.0,-7.0,-4.0,-1.4285714285714286,-2.571428571428571,4.429339411136565,7,1,0.0
24,2026-08-21,35,31.0,24.0,20.0,-4.0,-3.6666666666666665,-2.142857142857143,-1.5238095238095237,6.047431568147635,8,1,1.0
24,2026-08-22,33,35.0,24.0,18.0,2.0,-3.0,-2.142857142857143,-0.8571428571428572,6.4031242374328485,9,1,1.0
24,2026-08-23,27,33.0,31.0,19.0,6.0,1.3333333333333333,-1.1428571428571428,2.4761904761904763,6.069962474714687,10,1,1.0
24,2026-08-24,24,27.0,35.0,19.0,3.0,3.6666666666666665,-0.7142857142857143,4.3809523809523805,5.769827474969168,11,1,
24,2026-08-25,22,24.0,33.0,24.0,2.0,3.6666666666666665,0.2857142857142857,3.380952380952381,5.573204290227127,12,1,1.0
24,2026-08-26,18,22.0,27.0,24.0,4.0,3.0,0.8571428571428571,2.142857142857143,5.913518155015419,13,1,1.0
24,2026-08-27,18,18.0,24.0,31.0,0.0,2.0,1.8571428571428572,0.1428571428571428,5.927986643121392,14,1,
24,2026-08-28,17,18.0,22.0,35.0,1.0,1.6666666666666667,2.5714285714285716,-0.9047619047619049,6.1862129586064825,15,1,
24,2026-08-31,18,,17.0,24.0,,-0.3333333333333333,0.8571428571428571,-1.1904761904761905,6.482143304354033,16,1,
24,2026-09-14,22,,,,,,,,,17,1,
24,2026-09-15,22,22.0,,,0.0,,,,,18,1,
25,2026-08-11,25,,,,,,,,,1,1,1.0
25,2026-08-13,25,25.0,,,0.0,,,,,2,1,1.0
25,2026-08-14,26,25.0,25.0,,-1.0,-0.3333333333333333,,,0.5773502691896258,3,1,1.0
25,2026-08-15,12,26.0,25.0,,14.0,4.333333333333333,,,6.683312551921141,4,2,1.0
25,2026-08-16,11,12.0,25.0,,1.0,4.666666666666667,,,7.5960516059331775,5,2,1.0
25,2026-08-18,13,11.0,12.0,25.0,-2.0,-0.3333333333333333,1.7142857142857142,-2.0476190476190474,7.339391437078872,6,2,1.0
25,2026-08-20,14,13.0,11.0,25.0,-1.0,-1.0,1.5714285714285714,-2.571428571428571,6.928203230275509,7,2,0.0
25,2026-08-21,16,14.0,13.0,26.0,-2.0,-1.0,1.4285714285714286,-2.428571428571429,6.453127702351562,8,2,0.0
25,2026-08-22,19,16.0,13.0,12.0,-3.0,-2.0,-1.0,-1.0,6.050711620223782,9,1,0.0
25,2026-08-23,20,19.0,14.0,11.0,-1.0,-2.0,-1.2857142857142858,-0.7142857142857142,5.743595467030116,10,1,0.0
25,2026-08-24,20,20.0,16.0,11.0,0.0,-1.3333333333333333,-1.2857142857142858,-0.04761904761904745,5.4788850889740175,11,1,
25,2026-08-25,21,20.0,19.0,13.0,-1.0,-0.6666666666666666,-1.1428571428571428,0.47619047619047616,5.282905536642777,12,1,0.0
25,2026-08-26,21,21.0,20.0,13.0,0.0,-0.3333333333333333,-1.1428571428571428,0.8095238095238095,4.951277765905637,13,1,0.0
25,2026-08-27,22,21.0,20.0,14.0,-1.0,-0.6666666666666666,-1.1428571428571428,0.47619047619047616,4.858247019508591,14,1,
25,2026-08-28,22,22.0,21.0,16.0,0.0,-0.3333333333333333,-0.8571428571428571,0.5238095238095237,4.585372506748064,15,1,
25,2026-08-31,25,,22.0,20.0,,-1.0,-0.7142857142857143,-0.2857142857142857,3.640679257301507,16,1,
26,2026-08-11,26,,,,,,,,,1,1,1.0
26,2026-08-13,22,26.0,,,4.0,,,,,2,2,0.0
26,2026-08-14,19,22.0,26.0,,3.0,2.3333333333333335,,,3.5118845842842465,3,2,0.0
26,2026-08-15,17,19.0,26.0,,2.0,3.0,,,3.9157800414902435,4,2,0.0
26,2026-08-16,15,17.0,22.0,,2.0,2.3333333333333335,,,4.324349662087931,5,2,0.0
26,2026-08-18,23,15.0,17.0,26.0,-8.0,-2.0,0.42857142857142855,-2.4285714285714284,4.0824829046386295,6,2,0.0
26,2026-08-20,32,23.0,15.0,22.0,-9.0,-5.666666666666667,-1.4285714285714286,-4.238095238095238,5.773502691896258,7,2,1.0
26,2026-08-21,34,32.0,23.0,19.0,-2.0,-3.6666666666666665,-2.142857142857143,-1.5238095238095237,6.824326235712107,8,2,1.0
26,2026-08-22,34,34.0,23.0,17.0,0.0,-3.6666666666666665,-2.4285714285714284,-1.2380952380952381,7.280109889280518,9,2,1.0
26,2026-08-23,28,34.0,32.0,15.0,6.0,1.3333333333333333,-1.8571428571428572,3.1904761904761907,6.944222218666553,10,2,1.0
26,2026-08-24,22,28.0,34.0,15.0,6.0,4.0,-1.0,5.0,6.649675316749068,11,2,
26,2026-08-25,20,22.0,34.0,23.0,2.0,4.666666666666667,0.42857142857142855,4.238095238095238,6.485414871895711,12,2,0.0
26,2026-08-26,17,20.0,28.0,23.0,3.0,3.6666666666666665,0.8571428571428571,2.8095238095238093,6.788470618138767,13,2,0.0
26,2026-08-27,17,17.0,22.0,32.0,0.0,1.6666666666666667,2.142857142857143,-0.47619047619047605,6.751068291531576,14,2,
26,2026-08-28,18,17.0,20.0,34.0,-1.0,0.6666666666666666,2.2857142857142856,-1.619047619047619,6.893884320587416,15,2,
26,2026-08-31,21,,18.0,22.0,,-1.0,0.14285714285714285,-1.1428571428571428,6.660603303277892,16,2,
26,2026-09-14,25,,,,,,,,,17,2,
26,2026-09-15,25,25.0,,,0.0,,,,,18,2,
27,2026-08-11,27,,,,,,,,,1,1,1.0
27,2026-08-13,16,27.0,,,11.0,,,,,2,2,0.0
27,2026-08-14,15,16.0,27.0,,1.0,4.0,,,6.658328118479393,3,2,0.0
27,2026-08-15,18,15.0,27.0,,-3.0,3.0,,,5.477225575051661,4,2,0.0
27,2026-08-16,20,18.0,16.0,,-2.0,-1.3333333333333333,,,4.764451699828638,5,2,0.0
27,2026-08-18,22,20.0,18.0,27.0,-2.0,-1.3333333333333333,0.7142857142857143,-2.0476190476190474,4.4121045620731465,6,2,0.0
27,2026-08-20,28,22.0,20.0,16.0,-6.0,-2.6666666666666665,-1.7142857142857142,-0.9523809523809523,5.11300861947808,7,2,0.0
27,2026-08-21,30,28.0,22.0,15.0,-2.0,-2.6666666666666665,-2.142857142857143,-0.5238095238095237,5.732115042211108,8,2,0.0
27,2026-08-22,32,30.0,22.0,18.0,-2.0,-3.3333333333333335,-2.0,-1.3333333333333335,6.31356564162527,9,2,1.0
27,2026-08-23,25,32.0,28.0,20.0,7.0,1.0,-0.7142857142857143,1.7142857142857144,5.982381539896037,10,2,1.0
27,2026-08-24,25,25.0,30.0,20.0,0.0,1.6666666666666667,-0.7142857142857143,2.380952380952381,5.698484647055502,11,2,
27,2026-08-25,23,25.0,32.0,22.0,2.0,3.0,-0.14285714285714285,3.142857142857143,5.434876152027642,12,2,1.0
27,2026-08-26,23,23.0,25.0,22.0,0.0,0.6666666666666666,-0.14285714285714285,0.8095238095238095,5.316498049952762,13,2,1.0
27,2026-08-27,20,23.0,25.0,28.0,3.0,1.6666666666666667,1.1428571428571428,0.523809523809524,5.161494516225473,14,2,
27,2026-08-28,20,20.0,23.0,30.0,0.0,1.0,1.4285714285714286,-0.4285714285714286,4.827804087542524,15,2,
27,2026-08-31,17,,20.0,25.0,,1.0,1.1428571428571428,-0.1428571428571428,4.5266885347800425,16,2,
27,2026-09-14,13,,,,,,,,,17,2,
27,2026-09-15,13,13.0,,,0.0,,,,,18,2,
28,2026-08-11,28,,,,,,,,,1,1,0.0
28,2026-08-13,31,28.0,,,-3.0,,,,,2,1,
28,2026-08-14,36,31.0,28.0,,-5.0,-2.6666666666666665,,,4.041451884327381,3,1,
28,2026-08-15,39,36.0,28.0,,-3.0,-3.6666666666666665,,,4.932882862316247,4,1,
28,2026-08-16,46,39.0,31.0,,-7.0,-5.0,,,7.035623639735144,5,1,
29,2026-08-11,29,,,,,,,,,1,1,1.0
29,2026-08-13,7,29.0,,,22.0,,,,,2,2,0.0
29,2026-08-14,7,7.0,29.0,,0.0,7.333333333333333,,,12.701705922171765,3,2,0.0
29,2026-08-15,8,7.0,29.0,,-1.0,7.0,,,10.843584893075414,4,2,0.0
29,2026-08-16,12,8.0,7.0,,-4.0,-1.6666666666666667,,,9.396807968666808,5,2,0.0
29,2026-08-18,22,12.0,8.0,29.0,-10.0,-4.666666666666667,1.0,-5.666666666666667,9.239408350466315,6,2,1.0
29,2026-08-20,22,22.0,12.0,7.0,0.0,-3.3333333333333335,-2.142857142857143,-1.1904761904761907,8.938946353165003,7,2,1.0
29,2026-08-21,24,22.0,22.0,7.0,-2.0,-0.6666666666666666,-2.4285714285714284,1.7619047619047619,8.830749846821778,8,2,1.0
29,2026-08-22,22,24.0,22.0,8.0,2.0,0.0,-2.0,2.0,8.470537173048708,9,2,1.0
29,2026-08-23,19,22.0,22.0,12.0,3.0,1.0,-1.0,2.0,8.011103405759894,10,2,1.0
29,2026-08-24,19,19.0,24.0,12.0,0.0,1.6666666666666667,-1.0,2.666666666666667,7.6193533488443395,11,2,
29,2026-08-25,17,19.0,22.0,22.0,2.0,1.6666666666666667,0.7142857142857143,0.9523809523809524,7.2655267385014,12,2,1.0
29,2026-08-26,15,17.0,19.0,22.0,2.0,1.3333333333333333,1.0,0.33333333333333326,6.278872703299727,13,2,1.0
29,2026-08-27,12,15.0,19.0,22.0,3.0,2.3333333333333335,1.4285714285714286,0.9047619047619049,6.121630417981714,14,2,
29,2026-08-28,11,12.0,17.0,24.0,1.0,2.0,1.8571428571428572,0.1428571428571428,5.727799953532972,15,2,
29,2026-08-31,9,,11.0,19.0,,0.6666666666666666,1.4285714285714286,-0.761904761904762,5.08652408553496,16,2,
29,2026-09-14,9,,,,,,,,,17,2,
29,2026-09-15,10,9.0,,,-1.0,,,,,18,2,
30,2026-08-11,30,,,,,,,,,1,1,0.0
30,2026-08-13,15,30.0,,,15.0,,,,,2,2,0.0
30,2026-08-14,17,15.0,30.0,,-2.0,4.333333333333333,,,8.144527815247077,3,2,0.0
30,2026-08-15,26,17.0,30.0,,-9.0,1.3333333333333333,,,7.164728420068226,4,2,0.0
30,2026-08-16,33,26.0,15.0,,-7.0,-6.0,,,7.918333157931662,5,2,0.0
30,2026-08-18,40,33.0,26.0,30.0,-7.0,-4.666666666666667,-1.4285714285714286,-3.238095238095238,9.579491983746667,6,2,0.0
30,2026-08-20,44,40.0,33.0,15.0,-4.0,-3.6666666666666665,-4.142857142857143,0.4761904761904767,10.889050857234002,7,2,0.0
30,2026-08-21,44,44.0,40.0,17.0,0.0,-1.3333333333333333,-3.857142857142857,2.5238095238095237,11.344444833107902,8,2,0.0
30,2026-08-22,43,44.0,40.0,26.0,1.0,-1.0,-2.4285714285714284,1.4285714285714284,11.325978005354672,9,2,0.0
30,2026-08-23,43,43.0,44.0,33.0,0.0,0.3333333333333333,-1.4285714285714286,1.7619047619047619,11.18779096455894,10,2,0.0
30,2026-08-24,38,43.0,44.0,33.0,5.0,2.0,-0.7142857142857143,2.7142857142857144,10.700042480799274,11,2,
30,2026-08-25,36,38.0,43.0,40.0,2.0,2.3333333333333335,0.5714285714285714,1.761904761904762,10.219930024074024,12,2,0.0
30,2026-08-26,37,36.0,43.0,40.0,-1.0,2.0,0.42857142857142855,1.5714285714285714,10.165300454651272,13,2,0.0
30,2026-08-27,34,37.0,38.0,44.0,3.0,1.3333333333333333,1.4285714285714286,-0.09523809523809534,9.734290434151339,14,2,
30,2026-08-28,31,34.0,36.0,44.0,3.0,1.6666666666666667,1.8571428571428572,-0.19047619047619047,7.882957924600742,15,2,
30,2026-08-31,25,,31.0,38.0,,2.0,1.8571428571428572,0.1428571428571428,6.034747866993436,16,2,
30,2026-09-14,18,,,,,,,,,17,2,
30,2026-09-15,15,18.0,,,3.0,,,,,18,2,
31,2026-08-11,31,,,,,,,,,1,1,0.0
31,2026-08-13,30,31.0,,,1.0,,,,,2,1,0.0
31,2026-08-14,30,30.0,31.0,,0.0,0.3333333333333333,,,0.5773502691896258,3,2,0.0
31,2026-08-15,28,30.0,31.0,,2.0,1.0,,,1.2583057392117916,4,1,0.0
31,2026-08-16,26,28.0,30.0,,2.0,1.3333333333333333,,,2.0,5,1,0.0
31,2026-08-18,29,26.0,28.0,31.0,-3.0,-0.3333333333333333,0.2857142857142857,-0.6190476190476191,1.7888543819998317,6,1,0.0
31,2026-08-20,34,29.0,26.0,30.0,-5.0,-2.6666666666666665,-0.5714285714285714,-2.095238095238095,2.4976179127511156,7,1,0.0
31,2026-08-21,37,34.0,29.0,30.0,-3.0,-2.6666666666666665,-1.0,-1.6666666666666665,3.4615231989895516,8,1,0.0
31,2026-08-22,37,37.0,29.0,28.0,0.0,-2.6666666666666665,-1.2857142857142858,-1.3809523809523807,3.8729833462074166,9,1,0.0
31,2026-08-23,31,37.0,34.0,26.0,6.0,1.0,-0.7142857142857143,1.7142857142857144,3.653004851412662,10,1,0.0
31,2026-08-24,29,31.0,37.0,26.0,2.0,2.6666666666666665,-0.42857142857142855,3.095238095238095,3.5342480234003233,11,1,
31,2026-08-25,29,29.0,37.0,29.0,0.0,2.6666666666666665,0.0,2.6666666666666665,3.423404295390331,12,1,0.0
31,2026-08-26,26,29.0,31.0,29.0,3.0,1.6666666666666667,0.42857142857142855,1.2380952380952381,3.7050334313299693,13,1,0.0
31,2026-08-27,28,26.0,29.0,34.0,-2.0,0.3333333333333333,0.8571428571428571,-0.5238095238095237,3.6144297702545787,14,1,
31,2026-08-28,25,28.0,29.0,37.0,3.0,1.3333333333333333,1.7142857142857142,-0.38095238095238093,3.9043040024554627,15,1,
31,2026-08-31,26,,25.0,29.0,,-0.3333333333333333,0.42857142857142855,-0.7619047619047619,4.229764661409555,16,1,
31,2026-09-14,35,,,,,,,,,17,1,
31,2026-09-15,35,35.0,,,0.0,,,,,18,1,
32,2026-08-11,32,,,,,,,,,1,1,0.0
32,2026-08-13,21,32.0,,,11.0,,,,,2,2,0.0
32,2026-08-14,21,21.0,32.0,,0.0,3.6666666666666665,,,6.3508529610858835,3,2,0.0
32,2026-08-15,27,21.0,32.0,,-6.0,1.6666666666666667,,,5.315072906367325,4,2,0.0
32,2026-08-16,34,27.0,21.0,,-7.0,-4.333333333333333,,,6.041522986797286,5,2,0.0
32,2026-08-18,37,34.0,27.0,32.0,-3.0,-3.3333333333333335,-0.7142857142857143,-2.619047619047619,6.772493386240156,6,2,0.0
32,2026-08-20,38,37.0,34.0,21.0,-1.0,-1.3333333333333333,-2.4285714285714284,1.0952380952380951,7.118052168020874,7,2,0.0
32,2026-08-21,38,38.0,37.0,21.0,0.0,-0.3333333333333333,-2.4285714285714284,2.095238095238095,7.171371656006362,8,2,0.0
32,2026-08-22,37,38.0,37.0,27.0,1.0,0.0,-1.4285714285714286,1.4285714285714286,7.0,9,2,0.0
32,2026-08-23,33,37.0,38.0,34.0,4.0,1.6666666666666667,0.14285714285714285,1.523809523809524,6.613118276073196,10,2,0.0
32,2026-08-24,30,33.0,38.0,34.0,3.0,2.6666666666666665,0.5714285714285714,2.095238095238095,6.297185518511063,11,2,
32,2026-08-25,28,30.0,37.0,37.0,2.0,3.0,1.2857142857142858,1.7142857142857142,6.095204274797945,12,2,0.0
32,2026-08-26,26,28.0,33.0,37.0,2.0,2.3333333333333335,1.5714285714285714,0.7619047619047621,6.278872703299727,13,2,0.0
32,2026-08-27,26,26.0,30.0,38.0,0.0,1.3333333333333333,1.7142857142857142,-0.38095238095238093,6.1592124038628056,14,2,
32,2026-08-28,26,26.0,28.0,38.0,0.0,0.6666666666666666,1.7142857142857142,-1.0476190476190474,5.654587427422001,15,2,
32,2026-08-31,22,,26.0,30.0,,1.3333333333333333,1.1428571428571428,0.19047619047619047,5.830951894845301,16,2,
32,2026-09-14,11,,,,,,,,,17,2,
32,2026-09-15,12,11.0,,,-1.0,,,,,18,2,
33,2026-08-11,33,,,,,,,,,1,1,0.0
33,2026-08-13,20,33.0,,,13.0,,,,,2,2,0.0
33,2026-08-14,19,20.0,33.0,,1.0,4.666666666666667,,,7.810249675906654,3,2,0.0
33,2026-08-15,23,19.0,33.0,,-4.0,3.3333333333333335,,,6.3966136874651625,4,2,0.0
33,2026-08-16,28,23.0,20.0,,-5.0,-2.6666666666666665,,,5.856620185738529,5,2,0.0
33,2026-08-18,34,28.0,23.0,33.0,-6.0,-3.6666666666666665,-0.14285714285714285,-3.5238095238095237,6.493586579592719,6,2,0.0
33,2026-08-20,37,34.0,28.0,20.0,-3.0,-3.0,-2.4285714285714284,-0.5714285714285716,7.20449595077698,7,2,0.0
33,2026-08-21,37,37.0,34.0,19.0,0.0,-1.0,-2.5714285714285716,1.5714285714285716,7.434235478033847,8,2,0.0
33,2026-08-22,35,37.0,34.0,23.0,2.0,-0.3333333333333333,-1.7142857142857142,1.380952380952381,7.2476049683863,9,2,0.0
33,2026-08-23,32,35.0,37.0,28.0,3.0,1.6666666666666667,-0.5714285714285714,2.238095238095238,6.876691711054734,10,2,0.0
33,2026-08-24,29,32.0,37.0,28.0,3.0,2.6666666666666665,-0.14285714285714285,2.8095238095238093,6.528260244366933,11,2,
33,2026-08-25,27,29.0,35.0,34.0,2.0,2.6666666666666665,1.0,1.6666666666666665,6.274044657446771,12,2,0.0
33,2026-08-26,25,27.0,32.0,34.0,2.0,2.3333333333333335,1.2857142857142858,1.0476190476190477,6.29333461735991,13,2,0.0
33,2026-08-27,25,25.0,29.0,37.0,0.0,1.3333333333333333,1.7142857142857142,-0.38095238095238093,6.118488165870507,14,2,
33,2026-08-28,23,25.0,27.0,37.0,2.0,1.3333333333333333,2.0,-0.6666666666666667,5.818846480100189,15,2,
33,2026-08-31,21,,23.0,29.0,,0.6666666666666666,1.1428571428571428,-0.47619047619047616,5.75088925929958,16,2,
33,2026-09-14,20,,,,,,,,,17,2,
33,2026-09-15,20,20.0,,,0.0,,,,,18,2,
34,2026-08-11,34,,,,,,,,,1,1,0.0
34,2026-08-13,25,34.0,,,9.0,,,,,2,2,0.0
34,2026-08-14,25,25.0,34.0,,0.0,3.0,,,5.196152422706632,3,2,0.0
34,2026-08-15,32,25.0,34.0,,-7.0,0.6666666666666666,,,4.69041575982343,4,2,0.0
34,2026-08-16,34,32.0,25.0,,-2.0,-3.0,,,4.636809247747852,5,2,0.0
34,2026-08-18,39,34.0,32.0,34.0,-5.0,-2.3333333333333335,-0.7142857142857143,-1.619047619047619,5.540758070878027,6,1,0.0
34,2026-08-20,43,39.0,34.0,25.0,-4.0,-3.0,-2.5714285714285716,-0.4285714285714284,6.66904719402933,7,1,0.0
34,2026-08-21,44,43.0,39.0,25.0,-1.0,-1.6666666666666667,-2.7142857142857144,1.0476190476190477,7.270291799999699,8,1,0.0
34,2026-08-22,43,44.0,39.0,32.0,1.0,-1.3333333333333333,-1.5714285714285714,0.23809523809523814,7.367345368433448,9,1,0.0
34,2026-08-23,40,43.0,43.0,34.0,3.0,1.0,-0.8571428571428571,1.8571428571428572,7.093815773067568,10,1,0.0
34,2026-08-24,35,40.0,44.0,34.0,5.0,3.0,-0.14285714285714285,3.142857142857143,6.7352532516332575,11,1,
34,2026-08-25,35,35.0,43.0,39.0,0.0,2.6666666666666665,0.5714285714285714,2.095238095238095,6.42615394660403,12,1,0.0
34,2026-08-26,36,35.0,40.0,39.0,-1.0,1.3333333333333333,0.42857142857142855,0.9047619047619047,6.402532642823794,13,1,0.0
34,2026-08-27,34,36.0,35.0,43.0,2.0,0.3333333333333333,1.2857142857142858,-0.9523809523809526,6.152964680458873,14,1,
34,2026-08-28,33,34.0,35.0,44.0,1.0,0.6666666666666666,1.5714285714285714,-0.9047619047619048,5.331329751860874,15,1,
34,2026-08-31,28,,33.0,35.0,,1.6666666666666667,1.0,0.6666666666666667,4.981785003207366,16,2,
34,2026-09-14,50,,,,,,,,,17,1,
35,2026-08-11,35,,,,,,,,,1,1,0.0
35,2026-08-13,31,35.0,,,4.0,,,,,2,2,0.0
35,2026-08-14,31,31.0,35.0,,0.0,1.3333333333333333,,,2.309401076758503,3,2,0.0
35,2026-08-15,31,31.0,35.0,,0.0,1.3333333333333333,,,2.0,4,2,0.0
35,2026-08-16,31,31.0,31.0,,0.0,0.0,,,1.7888543819998315,5,2,0.0
35,2026-08-18,35,31.0,31.0,35.0,-4.0,-1.3333333333333333,0.0,-1.3333333333333333,2.065591117977289,6,2,0.0
35,2026-08-20,41,35.0,31.0,31.0,-6.0,-3.3333333333333335,-1.4285714285714286,-1.9047619047619049,3.779644730092272,7,2,0.0
35,2026-08-21,40,41.0,35.0,31.0,1.0,-1.6666666666666667,-1.2857142857142858,-0.38095238095238093,4.172614801981401,8,2,0.0
35,2026-08-22,40,40.0,35.0,31.0,0.0,-1.6666666666666667,-1.2857142857142858,-0.38095238095238093,4.330127018922194,9,2,0.0
35,2026-08-23,35,40.0,41.0,31.0,5.0,2.0,-0.5714285714285714,2.571428571428571,4.08248290463863,10,2,0.0
35,2026-08-24,32,35.0,40.0,31.0,3.0,2.6666666666666665,-0.14285714285714285,2.8095238095238093,3.9772077916777016,11,2,
35,2026-08-25,31,32.0,40.0,35.0,1.0,3.0,0.5714285714285714,2.428571428571429,3.941811612428832,12,2,0.0
35,2026-08-26,29,31.0,35.0,35.0,2.0,2.0,0.8571428571428571,1.1428571428571428,4.231018216873469,13,2,0.0
35,2026-08-27,27,29.0,32.0,41.0,2.0,1.6666666666666667,2.0,-0.33333333333333326,4.482158362858633,14,2,
35,2026-08-28,24,27.0,31.0,40.0,3.0,2.3333333333333335,2.2857142857142856,0.047619047619047894,5.161494516225474,15,2,
35,2026-08-31,22,,24.0,32.0,,0.6666666666666666,1.4285714285714286,-0.761904761904762,6.515715268068845,16,2,
35,2026-09-14,34,,,,,,,,,17,2,
35,2026-09-15,34,34.0,,,0.0,,,,,18,2,
36,2026-08-11,36,,,,,,,,,1,1,0.0
36,2026-08-13,38,36.0,,,-2.0,,,,,2,1,
36,2026-08-14,37,38.0,36.0,,1.0,-0.3333333333333333,,,1.0,3,1,0.0
36,2026-08-15,40,37.0,36.0,,-3.0,-1.3333333333333333,,,1.707825127659933,4,1,0.0
36,2026-08-16,41,40.0,38.0,,-1.0,-1.0,,,2.073644135332772,5,1,0.0
36,2026-08-20,49,,41.0,38.0,,-2.6666666666666665,-1.5714285714285714,-1.0952380952380951,4.708148963941845,6,1,0.0
36,2026-08-21,50,49.0,,37.0,-1.0,,-1.8571428571428572,,5.68205194324324,7,1,0.0
36,2026-08-22,50,50.0,,40.0,0.0,,-1.4285714285714286,,6.045954964153424,8,1,0.0
36,2026-08-23,47,50.0,49.0,41.0,3.0,0.6666666666666666,-0.8571428571428571,1.5238095238095237,5.840471822645077,9,1,0.0
36,2026-08-24,43,47.0,50.0,41.0,4.0,2.3333333333333335,-0.2857142857142857,2.619047619047619,5.506561742341788,10,1,
36,2026-08-25,38,43.0,50.0,41.0,5.0,4.0,0.42857142857142855,3.5714285714285716,5.445598723239297,11,1,0.0
36,2026-08-26,37,38.0,47.0,,1.0,3.3333333333333335,,,5.330870643542368,12,1,0.0
36,2026-08-27,33,37.0,43.0,49.0,4.0,3.3333333333333335,2.2857142857142856,1.047619047619048,5.8068663640294815,13,1,
36,2026-08-28,34,33.0,38.0,50.0,-1.0,1.3333333333333333,2.2857142857142856,-0.9523809523809523,6.156420644458527,14,1,
36,2026-08-31,32,,34.0,43.0,,0.6666666666666666,1.5714285714285714,-0.9047619047619048,7.334090869963972,15,1,
36,2026-09-14,47,,,,,,,,,16,1,
36,2026-09-15,46,47.0,,,1.0,,,,,17,1,
37,2026-08-11,37,,,,,,,,,1,1,0.0
37,2026-08-13,39,37.0,,,-2.0,,,,,2,2,0.0
37,2026-08-14,36,39.0,37.0,,3.0,0.3333333333333333,,,1.5275252316519465,3,2,0.0
37,2026-08-15,37,36.0,37.0,,-1.0,0.0,,,1.2583057392117916,4,2,0.0
37,2026-08-16,39,37.0,39.0,,-2.0,0.0,,,1.3416407864998738,5,2,0.0
37,2026-08-18,45,39.0,37.0,37.0,-6.0,-2.6666666666666665,-1.1428571428571428,-1.5238095238095237,3.2506409624359724,6,2,0.0
37,2026-08-20,44,45.0,39.0,39.0,1.0,-1.6666666666666667,-0.7142857142857143,-0.9523809523809524,3.5523298860110977,7,2,0.0
37,2026-08-21,42,44.0,45.0,36.0,2.0,1.0,-0.8571428571428571,1.8571428571428572,3.399054490379851,8,2,0.0
37,2026-08-22,42,42.0,45.0,37.0,0.0,1.0,-0.7142857142857143,1.7142857142857144,3.2574700476153438,9,2,0.0
37,2026-08-23,38,42.0,44.0,39.0,4.0,2.0,0.14285714285714285,1.8571428571428572,3.1428932176861784,10,2,0.0
37,2026-08-24,34,38.0,42.0,39.0,4.0,2.6666666666666665,0.7142857142857143,1.952380952380952,3.471965647086021,11,2,
37,2026-08-25,33,34.0,42.0,45.0,1.0,3.0,1.7142857142857142,1.2857142857142858,3.7859388972001824,12,2,0.0
37,2026-08-26,33,33.0,38.0,45.0,0.0,1.6666666666666667,1.7142857142857142,-0.04761904761904745,4.123105625617661,13,2,0.0
37,2026-08-27,31,33.0,34.0,44.0,2.0,1.0,1.8571428571428572,-0.8571428571428572,4.462091035630762,14,2,
37,2026-08-28,31,31.0,33.0,42.0,0.0,0.6666666666666666,1.5714285714285714,-0.9047619047619048,4.8370896102342265,15,2,
37,2026-08-31,29,,31.0,34.0,,0.6666666666666666,0.7142857142857143,-0.04761904761904767,5.820028116145769,16,2,
37,2026-09-14,27,,,,,,,,,17,2,
37,2026-09-15,28,27.0,,,-1.0,,,,,18,2,
39,2026-08-11,39,,,,,,,,,1,1,0.0
39,2026-08-13,34,39.0,,,5.0,,,,,2,2,
39,2026-08-14,35,34.0,39.0,,-1.0,1.3333333333333333,,,2.6457513110645907,3,2,
39,2026-08-15,42,35.0,39.0,,-7.0,-1.0,,,3.696845502136472,4,2,
39,2026-08-16,44,42.0,34.0,,-2.0,-3.3333333333333335,,,4.324349662087931,5,1,
39,2026-08-24,47,,,44.0,,,-0.42857142857142855,,5.115336417740935,6,1,
39,2026-08-25,45,47.0,,44.0,2.0,,-0.14285714285714285,,5.0142653642240695,7,1,0.0
39,2026-08-26,48,45.0,,,-3.0,,,,5.5805785670356025,8,1,0.0
39,2026-08-27,48,48.0,47.0,,0.0,-0.3333333333333333,,,5.566160513059505,9,1,
39,2026-08-28,44,48.0,45.0,,4.0,0.3333333333333333,,,4.257346591481601,10,1,
39,2026-08-31,40,,44.0,47.0,,1.3333333333333333,1.0,0.33333333333333326,3.0767948691238205,11,1,
39,2026-09-14,35,,,,,,,,,12,2,
39,2026-09-15,34,35.0,,,1.0,,,,,13,2,
40,2026-08-11,40,,,,,,,,,1,1,0.0
40,2026-08-13,30,40.0,,,10.0,,,,,2,2,0.0
40,2026-08-14,28,30.0,40.0,,2.0,4.0,,,6.429100507328637,3,2,0.0
40,2026-08-15,33,28.0,40.0,,-5.0,2.3333333333333335,,,5.251983752196243,4,2,0.0
40,2026-08-16,38,33.0,30.0,,-5.0,-2.6666666666666665,,,5.118593556827891,5,2,0.0
40,2026-08-18,43,38.0,33.0,40.0,-5.0,-3.3333333333333335,-0.42857142857142855,-2.904761904761905,5.921711464320654,6,2,0.0
40,2026-08-20,45,43.0,38.0,30.0,-2.0,-2.3333333333333335,-2.142857142857143,-0.1904761904761907,6.524678426668135,7,2,0.0
40,2026-08-21,45,45.0,43.0,28.0,0.0,-0.6666666666666666,-2.4285714285714284,1.7619047619047619,6.713525792862389,8,2,0.0
40,2026-08-22,45,45.0,43.0,33.0,0.0,-0.6666666666666666,-1.7142857142857142,1.0476190476190474,6.728876412728782,9,2,0.0
40,2026-08-23,42,45.0,45.0,38.0,3.0,1.0,-0.5714285714285714,1.5714285714285714,6.436872946806806,10,2,0.0
40,2026-08-24,39,42.0,45.0,38.0,3.0,2.0,-0.14285714285714285,2.142857142857143,6.106628291529548,11,2,
40,2026-08-25,40,39.0,45.0,43.0,-1.0,1.6666666666666667,0.42857142857142855,1.2380952380952381,5.830951894845301,12,2,0.0
40,2026-08-26,42,40.0,42.0,43.0,-2.0,0.0,0.14285714285714285,-0.14285714285714285,5.890413372333872,13,1,0.0
40,2026-08-27,41,42.0,39.0,45.0,1.0,-0.6666666666666666,0.5714285714285714,-1.2380952380952381,5.66251733455206,14,2,
40,2026-08-28,40,41.0,40.0,45.0,1.0,0.0,0.7142857142857143,-0.7142857142857143,4.923777994953645,15,2,
40,2026-08-31,31,,40.0,39.0,,3.0,1.1428571428571428,1.8571428571428572,3.9954519598709184,16,2,
40,2026-09-14,24,,,,,,,,,17,2,
40,2026-09-15,24,24.0,,,0.0,,,,,18,2,
41,2026-08-11,41,,,,,,,,,1,1,0.0
41,2026-08-13,43,41.0,,,-2.0,,,,,2,2,
41,2026-08-14,42,43.0,41.0,,1.0,-0.3333333333333333,,,1.0,3,2,
41,2026-08-15,43,42.0,41.0,,-1.0,-0.6666666666666666,,,0.9574271077563381,4,1,
41,2026-08-16,47,43.0,43.0,,-4.0,-1.3333333333333333,,,2.2803508501982757,5,1,
41,2026-08-31,37,,,,,,,,,6,1,
41,2026-09-14,32,,,,,,,,,7,2,
41,2026-09-15,32,32.0,,,0.0,,,,,8,2,
42,2026-08-11,42,,,,,,,,,1,1,0.0
42,2026-08-13,42,42.0,,,0.0,,,,,2,1,
42,2026-08-14,40,42.0,42.0,,2.0,0.6666666666666666,,,1.1547005383792517,3,1,0.0
42,2026-08-15,41,40.0,42.0,,-1.0,0.3333333333333333,,,0.9574271077563381,4,1,0.0
42,2026-08-16,42,41.0,42.0,,-1.0,0.0,,,0.8944271909999159,5,1,0.0
42,2026-08-20,50,,42.0,42.0,,-2.6666666666666665,-1.1428571428571428,-1.5238095238095237,3.600925806881706,6,1,0.0
42,2026-08-21,49,50.0,,40.0,1.0,,-1.2857142857142858,,4.029651999626672,7,1,0.0
42,2026-08-22,48,49.0,,41.0,1.0,,-1.0,,4.026696625558687,8,1,0.0
42,2026-08-23,45,48.0,50.0,42.0,3.0,1.6666666666666667,-0.42857142857142855,2.0952380952380953,3.774917217635375,9,1,0.0
42,2026-08-24,41,45.0,49.0,42.0,4.0,2.6666666666666665,0.14285714285714285,2.5238095238095237,3.711842908553348,10,1,
42,2026-08-25,36,41.0,48.0,42.0,5.0,4.0,0.8571428571428571,3.142857142857143,4.268276211561504,11,1,0.0
42,2026-08-26,35,36.0,45.0,,1.0,3.3333333333333335,,,4.945153734166962,12,1,0.0
42,2026-08-27,30,35.0,41.0,50.0,5.0,3.6666666666666665,2.857142857142857,0.8095238095238093,5.961365513695564,13,1,
42,2026-08-28,32,30.0,36.0,49.0,-2.0,1.3333333333333333,2.4285714285714284,-1.0952380952380951,6.566097498791528,14,1,
42,2026-08-31,33,,32.0,41.0,,-0.3333333333333333,1.1428571428571428,-1.476190476190476,7.636898730651221,15,1,
42,2026-09-14,44,,,,,,,,,16,1,
42,2026-09-15,44,44.0,,,0.0,,,,,17,1,
43,2026-08-11,43,,,,,,,,,1,1,
43,2026-08-13,44,43.0,,,-1.0,,,,,2,1,
43,2026-08-14,44,44.0,43.0,,0.0,-0.3333333333333333,,,0.5773502691896258,3,1,
43,2026-08-15,44,44.0,43.0,,0.0,-0.3333333333333333,,,0.5,4,1,
43,2026-08-27,49,,,,,,,,2.5,5,1,
43,2026-08-28,48,49.0,,,1.0,,,,2.6299556396765835,6,1,
45,2026-08-11,45,,,,,,,,,1,1,1.0
45,2026-08-13,4,45.0,,,41.0,,,,,2,2,1.0
45,2026-08-14,2,4.0,45.0,,2.0,14.333333333333334,,,24.269322199023193,3,2,1.0
45,2026-08-15,2,2.0,45.0,,0.0,14.333333333333334,,,21.187653637594387,4,2,1.0
45,2026-08-16,2,2.0,4.0,,0.0,0.6666666666666666,,,19.026297590440446,5,2,1.0
45,2026-08-18,1,2.0,2.0,45.0,1.0,0.3333333333333333,6.285714285714286,-5.9523809523809526,17.500476183997584,6,2,1.0
45,2026-08-20,3,1.0,2.0,4.0,-2.0,-0.3333333333333333,0.14285714285714285,-0.47619047619047616,16.154020581650283,7,2,1.0
45,2026-08-21,6,3.0,1.0,2.0,-3.0,-1.6666666666666667,-0.5714285714285714,-1.0952380952380953,14.980344264592663,8,2,1.0
45,2026-08-22,2,6.0,1.0,2.0,4.0,-0.3333333333333333,0.0,-0.3333333333333333,14.16078309196839,9,2,1.0
45,2026-08-23,2,2.0,3.0,2.0,0.0,0.3333333333333333,0.0,0.3333333333333333,13.461467643281363,10,2,1.0
45,2026-08-24,2,2.0,6.0,2.0,0.0,1.3333333333333333,0.0,1.3333333333333333,12.855844090246555,11,2,
45,2026-08-25,2,2.0,2.0,1.0,0.0,0.0,-0.14285714285714285,0.14285714285714285,12.324833270739004,12,2,1.0
45,2026-08-26,2,2.0,2.0,1.0,0.0,0.0,-0.14285714285714285,0.14285714285714285,1.3142574813455419,13,2,1.0
45,2026-08-27,2,2.0,2.0,3.0,0.0,0.0,0.14285714285714285,-0.14285714285714285,1.2659242088545828,14,2,
45,2026-08-28,2,2.0,2.0,6.0,0.0,0.0,0.5714285714285714,-0.5714285714285714,1.1821319289469758,15,2,
45,2026-08-31,4,,2.0,2.0,,-0.6666666666666666,-0.2857142857142857,-0.38095238095238093,1.3684762594679065,16,2,
45,2026-09-14,4,,,,,,,,,17,2,
45,2026-09-15,3,4.0,,,1.0,,,,,18,2,
46,2026-08-11,46,,,,,,,,,1,1,
46,2026-08-13,43,46.0,,,3.0,,,,,2,2,
46,2026-08-14,40,43.0,46.0,,3.0,2.0,,,3.0,3,2,
46,2026-08-15,45,40.0,46.0,,-5.0,0.3333333333333333,,,2.6457513110645907,4,1,
46,2026-08-24,45,,,45.0,,,0.0,,2.387467277262665,5,1,
46,2026-08-25,43,45.0,,,2.0,,,,2.160246899469287,6,2,0.0
46,2026-08-26,41,43.0,,,2.0,,,,2.041241452319315,7,2,0.0
46,2026-08-27,40,41.0,45.0,,1.0,1.6666666666666667,,,2.1491969707422394,8,2,
46,2026-08-28,38,40.0,43.0,,2.0,1.6666666666666667,,,2.690370836538197,9,2,
46,2026-08-31,34,,38.0,45.0,,1.3333333333333333,1.5714285714285714,-0.23809523809523814,3.868677637987775,10,2,
46,2026-09-14,25,,,,,,,,,11,2,
46,2026-09-15,25,25.0,,,0.0,,,,,12,2,
47,2026-08-11,47,,,,,,,,,1,1,1.0
47,2026-08-13,26,47.0,,,21.0,,,,,2,2,1.0
47,2026-08-14,23,26.0,47.0,,3.0,8.0,,,13.076696830622021,3,2,0.0
47,2026-08-15,20,23.0,47.0,,3.0,9.0,,,12.24744871391589,4,2,0.0
47,2026-08-16,18,20.0,26.0,,2.0,2.6666666666666665,,,11.691877522451216,5,2,0.0
47,2026-08-18,18,18.0,20.0,47.0,0.0,0.6666666666666666,4.142857142857143,-3.4761904761904767,11.05742586078092,6,2,1.0
47,2026-08-20,21,18.0,18.0,26.0,-3.0,-1.0,0.7142857142857143,-1.7142857142857144,10.22601723895616,7,2,1.0
47,2026-08-21,21,21.0,18.0,23.0,0.0,-1.0,0.2857142857142857,-1.2857142857142856,9.558093055476226,8,2,1.0
47,2026-08-22,15,21.0,18.0,20.0,6.0,1.0,0.7142857142857143,0.2857142857142857,9.457507306074072,9,2,1.0
47,2026-08-23,13,15.0,21.0,18.0,2.0,2.6666666666666665,0.7142857142857143,1.952380952380952,9.484490263348663,10,2,1.0
47,2026-08-24,9,13.0,21.0,18.0,4.0,4.0,1.2857142857142858,2.7142857142857144,9.838699100999074,11,2,
47,2026-08-25,8,9.0,15.0,18.0,1.0,2.3333333333333335,1.4285714285714286,0.9047619047619049,10.103629710818451,12,2,1.0
47,2026-08-26,5,8.0,13.0,18.0,3.0,2.6666666666666665,1.8571428571428572,0.8095238095238093,6.501165396692466,13,2,1.0
47,2026-08-27,6,5.0,9.0,21.0,-1.0,1.0,2.142857142857143,-1.1428571428571428,6.862196702932931,14,2,
47,2026-08-28,7,6.0,8.0,21.0,-1.0,0.3333333333333333,2.0,-1.6666666666666667,6.4787621483088085,15,2,
47,2026-08-31,13,,7.0,9.0,,-2.0,-0.5714285714285714,-1.4285714285714286,5.852738286865854,16,2,
47,2026-09-14,13,,,,,,,,,17,2,
47,2026-09-15,14,13.0,,,-1.0,,,,,18,2,
49,2026-08-11,49,,,,,,,,,1,1,0.0
49,2026-08-13,14,49.0,,,35.0,,,,,2,2,0.0
49,2026-08-14,14,14.0,49.0,,0.0,11.666666666666666,,,20.2072594216369,3,2,0.0
49,2026-08-15,16,14.0,49.0,,-2.0,11.0,,,17.192537140670463,4,2,0.0
49,2026-08-16,21,16.0,14.0,,-5.0,-2.3333333333333335,,,14.92313639956427,5,2,0.0
49,2026-08-18,32,21.0,16.0,49.0,-11.0,-5.333333333333333,2.4285714285714284,-7.761904761904761,13.86602562620835,6,1,0.0
49,2026-08-20,35,32.0,21.0,14.0,-3.0,-4.666666666666667,-3.0,-1.666666666666667,13.284434142114991,7,1,0.0
49,2026-08-21,34,35.0,32.0,14.0,1.0,-0.6666666666666666,-2.857142857142857,2.1904761904761907,12.631451675423985,8,1,1.0
49,2026-08-22,34,34.0,32.0,16.0,0.0,-0.6666666666666666,-2.5714285714285716,1.904761904761905,12.05197079319395,9,1,1.0
49,2026-08-23,29,34.0,35.0,21.0,5.0,2.0,-1.1428571428571428,3.142857142857143,11.370527203647546,10,1,1.0
49,2026-08-24,25,29.0,34.0,21.0,4.0,3.0,-0.5714285714285714,3.571428571428571,10.820015123498084,11,1,
49,2026-08-25,24,25.0,34.0,32.0,1.0,3.3333333333333335,1.1428571428571428,2.1904761904761907,10.367124612315255,12,1,1.0
49,2026-08-26,19,24.0,29.0,32.0,5.0,3.3333333333333335,1.8571428571428572,1.4761904761904763,7.990050631310736,13,1,1.0
49,2026-08-27,20,19.0,25.0,35.0,-1.0,1.6666666666666667,2.142857142857143,-0.47619047619047605,7.762500258061848,14,1,
49,2026-08-28,18,20.0,24.0,34.0,2.0,2.0,2.2857142857142856,-0.2857142857142856,7.38675182770496,15,1,
49,2026-08-31,16,,18.0,25.0,,0.6666666666666666,1.2857142857142858,-0.6190476190476192,7.127411872482185,16,2,
49,2026-09-14,16,,,,,,,,,17,2,
49,2026-09-15,16,16.0,,,0.0,,,,,18,2,
51,2026-08-13,20,,,,,,,,,1,2,
51,2026-08-14,23,20.0,,,-3.0,,,,,2,1,
51,2026-08-15,27,23.0,,,-4.0,,,,3.5118845842842465,3,1,
51,2026-08-16,36,27.0,20.0,,-9.0,-5.333333333333333,,,6.95221787153807,4,1,
52,2026-08-13,48,,,,,,,,,1,1,
52,2026-08-14,49,48.0,,,-1.0,,,,,2,1,
52,2026-08-15,48,49.0,,,1.0,,,,0.5773502691896258,3,1,
52,2026-08-25,46,,,,,,,,1.2583057392117916,4,1,0.0
52,2026-08-26,46,46.0,,,0.0,,,,1.3416407864998738,5,1,0.0
52,2026-08-27,43,46.0,,,3.0,,,,2.1602468994692865,6,1,
52,2026-08-28,41,43.0,46.0,,2.0,1.6666666666666667,,,3.0166206257996713,7,1,
52,2026-08-31,36,,41.0,,,1.6666666666666667,,,4.159326868617084,8,1,
53,2026-08-13,17,,,,,,,,,1,1,0.0
53,2026-08-14,16,17.0,,,1.0,,,,,2,2,0.0
53,2026-08-15,19,16.0,,,-3.0,,,,1.5275252316519465,3,1,0.0
53,2026-08-16,27,19.0,17.0,,-8.0,-3.3333333333333335,,,4.9916597106239795,4,1,0.0
53,2026-08-18,33,27.0,19.0,,-6.0,-4.666666666666667,,,7.334848328356899,5,1,1.0
53,2026-08-20,32,33.0,27.0,17.0,1.0,-1.6666666666666667,-2.142857142857143,0.47619047619047605,7.64198926981712,6,1,1.0
53,2026-08-21,30,32.0,33.0,16.0,2.0,1.0,-2.0,3.0,7.335497516155521,7,1,1.0
53,2026-08-22,26,30.0,33.0,19.0,4.0,2.3333333333333335,-1.0,3.3333333333333335,6.80336051416609,8,1,1.0
53,2026-08-23,20,26.0,32.0,27.0,6.0,4.0,1.0,3.0,6.578584785330183,9,1,1.0
53,2026-08-24,18,20.0,30.0,27.0,2.0,4.0,1.2857142857142858,2.7142857142857144,6.528569691917382,10,1,
53,2026-08-25,14,18.0,26.0,33.0,4.0,4.0,2.7142857142857144,1.2857142857142856,6.862281624278407,11,2,1.0
53,2026-08-26,13,14.0,20.0,33.0,1.0,2.3333333333333335,2.857142857142857,-0.5238095238095237,7.14089799972134,12,2,1.0
53,2026-08-27,10,13.0,18.0,32.0,3.0,2.6666666666666665,3.142857142857143,-0.4761904761904763,7.614089503962965,13,2,
53,2026-08-28,12,10.0,14.0,30.0,-2.0,0.6666666666666666,2.5714285714285716,-1.904761904761905,7.959835071091257,14,2,
53,2026-08-31,12,,12.0,18.0,,0.0,0.8571428571428571,-0.8571428571428571,8.752142594816426,15,2,
53,2026-09-14,15,,,,,,,,,16,1,
53,2026-09-15,14,15.0,,,1.0,,,,,17,1,
54,2026-08-13,18,,,,,,,,,1,1,0.0
54,2026-08-14,18,18.0,,,0.0,,,,,2,1,0.0
54,2026-08-15,21,18.0,,,-3.0,,,,1.7320508075688772,3,1,0.0
54,2026-08-16,30,21.0,18.0,,-9.0,-4.0,,,5.678908345800274,4,1,0.0
54,2026-08-18,36,30.0,21.0,,-6.0,-5.0,,,8.049844718999244,5,1,0.0
54,2026-08-20,36,36.0,30.0,18.0,0.0,-2.0,-2.5714285714285716,0.5714285714285716,8.573214099741124,6,1,0.0
54,2026-08-21,36,36.0,36.0,18.0,0.0,0.0,-2.5714285714285716,2.5714285714285716,8.610624666239794,7,1,1.0
54,2026-08-22,33,36.0,36.0,21.0,3.0,1.0,-1.7142857142857142,2.7142857142857144,8.176621726430962,8,1,0.0
54,2026-08-23,30,33.0,36.0,30.0,3.0,2.0,0.0,2.0,7.664854858377946,9,1,1.0
54,2026-08-24,26,30.0,36.0,30.0,4.0,3.3333333333333335,0.5714285714285714,2.761904761904762,7.275529763071094,10,1,
54,2026-08-25,25,26.0,33.0,36.0,1.0,2.6666666666666665,1.5714285714285714,1.0952380952380951,6.9778871509153175,11,1,1.0
54,2026-08-26,20,25.0,30.0,36.0,5.0,3.3333333333333335,2.2857142857142856,1.047619047619048,7.051219537760612,12,1,1.0
54,2026-08-27,22,20.0,26.0,36.0,-2.0,1.3333333333333333,2.0,-0.6666666666666667,6.916164640415476,13,1,
54,2026-08-28,19,22.0,25.0,36.0,3.0,2.0,2.4285714285714284,-0.4285714285714284,6.812507351207513,14,1,
54,2026-08-31,19,,19.0,26.0,,0.0,1.0,-1.0,7.019453488180349,15,1,
54,2026-09-14,17,,,,,,,,,16,1,
54,2026-09-15,18,17.0,,,-1.0,,,,,17,1,
55,2026-08-13,19,,,,,,,,,1,1,0.0
55,2026-08-14,20,19.0,,,-1.0,,,,,2,1,0.0
55,2026-08-15,24,20.0,,,-4.0,,,,2.6457513110645907,3,1,0.0
55,2026-08-16,31,24.0,19.0,,-7.0,-4.0,,,5.446711546122731,4,1,0.0
55,2026-08-18,35,31.0,24.0,,-4.0,-3.6666666666666665,,,6.978538528947161,5,1,1.0
55,2026-08-20,34,35.0,31.0,19.0,1.0,-1.0,-2.142857142857143,1.1428571428571428,7.082843120291926,6,1,1.0
55,2026-08-21,32,34.0,35.0,20.0,2.0,1.0,-1.7142857142857142,2.7142857142857144,6.718843437888484,7,1,1.0
55,2026-08-22,27,32.0,35.0,24.0,5.0,2.6666666666666665,-0.42857142857142855,3.095238095238095,6.22781777878209,8,1,1.0
55,2026-08-23,17,27.0,34.0,31.0,10.0,5.666666666666667,2.0,3.666666666666667,6.83942817622773,9,1,1.0
55,2026-08-24,14,17.0,32.0,31.0,3.0,6.0,2.4285714285714284,3.5714285714285716,7.572611467944493,10,2,
55,2026-08-25,12,14.0,27.0,35.0,2.0,5.0,3.2857142857142856,1.7142857142857144,8.227448516454483,11,2,1.0
55,2026-08-26,8,12.0,17.0,35.0,4.0,3.0,3.857142857142857,-0.8571428571428572,9.116668051631382,12,2,1.0
55,2026-08-27,8,8.0,14.0,34.0,0.0,2.0,3.7142857142857144,-1.7142857142857144,9.639661660197255,13,2,
55,2026-08-28,10,8.0,12.0,32.0,-2.0,0.6666666666666666,3.142857142857143,-2.4761904761904763,10.152680585782411,14,2,
55,2026-08-31,15,,10.0,14.0,,-1.6666666666666667,-0.14285714285714285,-1.523809523809524,10.63100097912618,15,2,
55,2026-09-14,7,,,,,,,,,16,2,
55,2026-09-15,7,7.0,,,0.0,,,,,17,2,
56,2026-08-13,27,,,,,,,,,1,1,
56,2026-08-14,27,27.0,,,0.0,,,,,2,1,
56,2026-08-15,36,27.0,,,-9.0,,,,5.196152422706632,3,1,
56,2026-08-16,46,36.0,27.0,,-10.0,-6.333333333333333,,,9.055385138137417,4,1,
56,2026-08-28,49,,,,,,,,10.016652800877813,5,1,
56,2026-08-31,32,,49.0,,,5.666666666666667,,,,6,1,
56,2026-09-14,45,,,,,,,,,7,1,
56,2026-09-15,44,45.0,,,1.0,,,,,8,1,
57,2026-08-13,28,,,,,,,,,1,1,0.0
57,2026-08-14,26,28.0,,,2.0,,,,,2,1,0.0
57,2026-08-15,32,26.0,,,-6.0,,,,3.0550504633038935,3,1,0.0
57,2026-08-16,42,32.0,28.0,,-10.0,-4.666666666666667,,,7.118052168020874,4,1,0.0
57,2026-08-18,45,42.0,32.0,,-3.0,-4.333333333333333,,,8.473488065725943,5,1,0.0
57,2026-08-20,48,45.0,42.0,28.0,-3.0,-2.0,-2.857142857142857,0.8571428571428572,9.347013783378447,6,1,0.0
57,2026-08-21,47,48.0,45.0,26.0,1.0,-0.6666666666666666,-3.0,2.3333333333333335,9.357960705807038,7,1,0.0
57,2026-08-22,45,47.0,45.0,32.0,2.0,0.0,-1.8571428571428572,1.8571428571428572,8.9831190892378,8,1,0.0
57,2026-08-23,46,45.0,48.0,42.0,-1.0,0.6666666666666666,-0.5714285714285714,1.2380952380952381,8.709828420302614,9,1,0.0
57,2026-08-24,42,46.0,47.0,42.0,4.0,1.6666666666666667,0.0,1.6666666666666667,8.238797107453113,10,1,
57,2026-08-25,40,42.0,45.0,45.0,2.0,1.6666666666666667,0.7142857142857143,0.9523809523809524,7.816067367347156,11,1,0.0
57,2026-08-26,38,40.0,46.0,45.0,2.0,2.6666666666666665,1.0,1.6666666666666665,7.476731582149727,12,1,0.0
57,2026-08-27,35,38.0,42.0,48.0,3.0,2.3333333333333335,1.8571428571428572,0.4761904761904763,7.287150616157464,13,1,
57,2026-08-28,33,35.0,40.0,47.0,2.0,2.3333333333333335,2.0,0.3333333333333335,6.73871326072392,14,1,
57,2026-08-31,30,,33.0,42.0,,1.0,1.7142857142857142,-0.7142857142857142,6.112580172368814,15,1,
57,2026-09-14,23,,,,,,,,,16,1,
57,2026-09-15,23,23.0,,,0.0,,,,,17,1,
58,2026-08-13,33,,,,,,,,,1,1,0.0
58,2026-08-14,30,33.0,,,3.0,,,,,2,1,0.0
58,2026-08-15,37,30.0,,,-7.0,,,,3.511884584284246,3,1,0.0
58,2026-08-16,44,37.0,33.0,,-7.0,-3.6666666666666665,,,6.0553007081949835,4,1,0.0
58,2026-08-18,41,44.0,37.0,,3.0,-1.3333333333333333,,,5.70087712549569,5,1,0.0
58,2026-08-20,40,41.0,44.0,33.0,1.0,1.3333333333333333,-1.0,2.333333333333333,5.244044240850758,6,1,0.0
58,2026-08-21,40,40.0,41.0,30.0,0.0,0.3333333333333333,-1.4285714285714286,1.7619047619047619,4.879500364742666,7,1,0.0
58,2026-08-22,39,40.0,41.0,37.0,1.0,0.6666666666666666,-0.2857142857142857,0.9523809523809523,4.535573676110727,8,1,0.0
58,2026-08-23,36,39.0,40.0,44.0,3.0,1.3333333333333333,1.1428571428571428,0.19047619047619047,4.294699575575042,9,1,0.0
58,2026-08-24,33,36.0,40.0,44.0,3.0,2.3333333333333335,1.5714285714285714,0.7619047619047621,4.321779468896786,10,1,
58,2026-08-25,33,33.0,39.0,41.0,0.0,2.0,1.1428571428571428,0.8571428571428572,4.300105706945945,11,1,
58,2026-08-26,35,33.0,36.0,41.0,-2.0,0.3333333333333333,0.8571428571428571,-0.5238095238095237,4.136863106707347,12,1,
58,2026-08-27,38,35.0,33.0,40.0,-3.0,-1.6666666666666667,0.2857142857142857,-1.9523809523809526,3.9758888701386392,13,1,
58,2026-08-28,43,38.0,33.0,40.0,-5.0,-3.3333333333333335,-0.42857142857142855,-2.904761904761905,4.133974309274743,14,1,
59,2026-08-13,32,,,,,,,,,1,1,
59,2026-08-14,33,32.0,,,-1.0,,,,,2,1,
59,2026-08-15,44,33.0,,,-11.0,,,,6.658328118479393,3,1,
59,2026-08-22,50,,,44.0,,,-0.8571428571428571,,8.73212459828649,4,1,0.0
59,2026-08-23,50,50.0,,44.0,0.0,,-0.8571428571428571,,8.843076387773658,5,1,0.0
59,2026-08-24,47,50.0,,44.0,3.0,,-0.42857142857142855,,8.189424074174367,6,1,
59,2026-08-25,44,47.0,50.0,,3.0,2.0,,,7.492853738253346,7,1,0.0
59,2026-08-26,42,44.0,50.0,,2.0,2.6666666666666665,,,6.943650748294136,8,1,0.0
59,2026-08-27,40,42.0,47.0,,2.0,2.3333333333333335,,,6.559556218051475,9,1,
59,2026-08-28,36,40.0,44.0,,4.0,2.6666666666666665,,,5.861835131689658,10,1,
59,2026-08-31,33,,36.0,47.0,,1.0,2.0,-1.0,6.250714244902623,11,1,
59,2026-09-14,47,,,,,,,,,12,1,
59,2026-09-15,48,47.0,,,-1.0,,,,,13,1,
60,2026-08-13,37,,,,,,,,,1,1,0.0
60,2026-08-14,34,37.0,,,3.0,,,,,2,1,0.0
60,2026-08-15,40,34.0,,,-6.0,,,,3.0,3,1,0.0
60,2026-08-16,48,40.0,37.0,,-8.0,-3.6666666666666665,,,6.020797289396148,4,1,0.0
60,2026-08-18,48,48.0,40.0,,0.0,-2.6666666666666665,,,6.387487769068525,5,1,0.0
60,2026-08-20,43,48.0,48.0,37.0,5.0,1.6666666666666667,-0.8571428571428571,2.5238095238095237,5.750362307426086,6,1,0.0
60,2026-08-21,43,43.0,48.0,34.0,0.0,1.6666666666666667,-1.2857142857142858,2.9523809523809526,5.27347359996462,7,1,0.0
60,2026-08-22,40,43.0,48.0,40.0,3.0,2.6666666666666665,0.0,2.6666666666666665,4.926241685388278,8,1,0.0
60,2026-08-23,37,40.0,43.0,48.0,3.0,2.0,1.5714285714285714,0.4285714285714286,4.859126579037751,9,1,0.0
60,2026-08-24,35,37.0,43.0,48.0,2.0,2.6666666666666665,1.8571428571428572,0.8095238095238093,4.972144630058766,10,1,
60,2026-08-25,30,35.0,40.0,48.0,5.0,3.3333333333333335,2.5714285714285716,0.7619047619047619,5.680909018170179,11,1,0.0
60,2026-08-26,29,30.0,37.0,48.0,1.0,2.6666666666666665,2.7142857142857144,-0.047619047619047894,6.213377552190162,12,1,0.0
60,2026-08-27,29,29.0,35.0,43.0,0.0,2.0,2.0,0.0,6.525099468737857,13,1,
60,2026-08-28,28,29.0,30.0,43.0,1.0,0.6666666666666666,2.142857142857143,-1.4761904761904763,7.084652969080962,14,1,
60,2026-08-31,27,,28.0,35.0,,0.3333333333333333,1.1428571428571428,-0.8095238095238095,7.311261550139309,15,1,
60,2026-09-14,29,,,,,,,,,16,1,
60,2026-09-15,29,29.0,,,0.0,,,,,17,1,
61,2026-08-13,40,,,,,,,,,1,1,
61,2026-08-14,37,40.0,,,3.0,,,,,2,1,
61,2026-08-26,45,,,,,,,,4.041451884327381,3,1,0.0
61,2026-08-27,43,45.0,,,2.0,,,,3.5,4,1,
61,2026-08-28,38,43.0,,,5.0,,,,3.8622100754188224,5,1,
61,2026-08-31,28,,38.0,,,3.3333333333333335,,,7.593857166596345,6,1,
61,2026-09-14,32,,,,,,,,,7,1,
61,2026-09-15,33,32.0,,,-1.0,,,,,8,1,
62,2026-08-13,38,,,,,,,,,1,1,0.0
62,2026-08-14,32,38.0,,,6.0,,,,,2,1,0.0
62,2026-08-15,34,32.0,,,-2.0,,,,3.0550504633038935,3,1,0.0
62,2026-08-16,41,34.0,38.0,,-7.0,-1.0,,,4.031128874149275,4,1,0.0
62,2026-08-18,42,41.0,34.0,,-1.0,-2.6666666666666665,,,4.33589667773576,5,1,0.0
62,2026-08-20,41,42.0,41.0,38.0,1.0,0.0,-0.42857142857142855,0.42857142857142855,4.147288270665544,6,1,0.0
62,2026-08-21,41,41.0,42.0,32.0,0.0,0.3333333333333333,-1.2857142857142858,1.619047619047619,3.9520940802374147,7,1,0.0
62,2026-08-22,42,41.0,42.0,34.0,-1.0,0.0,-1.1428571428571428,1.1428571428571428,3.8706773124535787,8,1,0.0
62,2026-08-23,40,42.0,41.0,41.0,2.0,0.3333333333333333,0.14285714285714285,0.19047619047619047,3.640054944640259,9,1,0.0
62,2026-08-24,37,40.0,41.0,41.0,3.0,1.3333333333333333,0.5714285714285714,0.7619047619047619,3.4896672875473076,10,1,
62,2026-08-25,32,37.0,42.0,42.0,5.0,3.3333333333333335,1.4285714285714286,1.9047619047619049,3.8940514074208576,11,1,0.0
62,2026-08-26,33,32.0,40.0,42.0,-1.0,2.3333333333333335,1.2857142857142858,1.0476190476190477,4.002839900961225,12,1,0.0
62,2026-08-27,32,33.0,37.0,41.0,1.0,1.6666666666666667,1.2857142857142858,0.38095238095238093,4.1509961733021665,13,1,
62,2026-08-28,32,32.0,32.0,41.0,0.0,0.0,1.2857142857142858,-1.2857142857142858,4.394051923645453,14,1,
62,2026-08-31,41,,32.0,37.0,,-3.0,-0.5714285714285714,-2.428571428571429,4.412791324403101,15,1,
62,2026-09-14,36,,,,,,,,,16,1,
62,2026-09-15,35,36.0,,,1.0,,,,,17,1,
63,2026-08-13,46,,,,,,,,,1,1,
63,2026-08-14,41,46.0,,,5.0,,,,,2,1,
63,2026-08-15,49,41.0,,,-8.0,,,,4.041451884327381,3,1,
63,2026-08-31,39,,,,,,,,,4,1,
63,2026-09-14,30,,,,,,,,,5,1,
63,2026-09-15,30,30.0,,,0.0,,,,,6,1,
64,2026-08-13,47,,,,,,,,,1,1,0.0
64,2026-08-14,38,47.0,,,9.0,,,,,2,1,0.0
64,2026-08-15,48,38.0,,,-10.0,,,,5.507570547286102,3,1,0.0
64,2026-08-18,47,,48.0,,,0.3333333333333333,,,4.69041575982343,4,1,0.0
64,2026-08-20,46,47.0,,47.0,1.0,,0.14285714285714285,,4.08656334834051,5,1,
64,2026-08-21,48,46.0,47.0,38.0,-2.0,-0.3333333333333333,-1.4285714285714286,1.0952380952380953,3.8297084310253524,6,1,
64,2026-08-22,48,48.0,47.0,48.0,0.0,-0.3333333333333333,0.0,-0.3333333333333333,3.605551275463989,7,1,
64,2026-08-23,47,48.0,46.0,48.0,1.0,-0.3333333333333333,0.14285714285714285,-0.47619047619047616,3.3567628964311944,8,1,
64,2026-08-24,49,47.0,48.0,48.0,-2.0,-0.3333333333333333,-0.14285714285714285,-0.19047619047619047,3.2829526005987018,9,1,
64,2026-08-31,50,,,49.0,,,-0.14285714285714285,,1.3451854182690985,10,1,
64,2026-09-14,39,,,,,,,,,11,1,
64,2026-09-15,40,39.0,,,-1.0,,,,,12,1,
65,2026-08-13,47,,,,,,,,,1,1,
65,2026-08-14,47,47.0,,,0.0,,,,,2,1,
65,2026-08-15,49,47.0,,,-2.0,,,,1.1547005383792517,3,1,
66,2026-08-13,48,,,,,,,,,1,1,
66,2026-08-14,50,48.0,,,-2.0,,,,,2,1,
66,2026-08-26,50,,,,,,,,1.1547005383792517,3,1,0.0
66,2026-08-27,46,50.0,,,4.0,,,,1.9148542155126762,4,1,
66,2026-08-28,45,46.0,,,1.0,,,,2.6299556396765835,5,1,
66,2026-08-31,43,,45.0,,,0.6666666666666666,,,2.943920288775949,6,1,
66,2026-09-14,50,,,,,,,,,7,1,
67,2026-08-13,50,,,,,,,,,1,1,
67,2026-08-14,45,50.0,,,5.0,,,,,2,1,
67,2026-08-25,49,,,,,,,,2.6457513110645907,3,2,0.0
67,2026-08-26,47,49.0,,,2.0,,,,2.217355782608345,4,2,0.0
67,2026-08-27,50,47.0,,,-3.0,,,,2.16794833886788,5,1,
67,2026-08-28,46,50.0,49.0,,4.0,1.0,,,2.0736441353327724,6,2,
67,2026-08-31,40,,46.0,,,2.0,,,3.9115214431215892,7,2,
67,2026-09-14,37,,,,,,,,,8,2,
67,2026-09-15,36,37.0,,,1.0,,,,,9,2,
68,2026-08-14,48,,,,,,,,,1,2,0.0
68,2026-08-15,47,48.0,,,1.0,,,,,2,1,0.0
68,2026-08-20,48,,,,,,,,0.5773502691896258,3,1,0.0
68,2026-08-21,48,48.0,,48.0,0.0,,0.0,,0.5,4,1,0.0
68,2026-08-22,49,48.0,,47.0,-1.0,,-0.2857142857142857,,0.7071067811865476,5,1,0.0
68,2026-08-23,48,49.0,48.0,47.0,1.0,0.0,-0.14285714285714285,0.14285714285714285,0.6324555320336759,6,1,0.0
68,2026-08-24,46,48.0,48.0,47.0,2.0,0.6666666666666666,0.14285714285714285,0.5238095238095237,0.9511897312113418,7,1,
68,2026-08-25,44,46.0,49.0,,2.0,1.6666666666666667,,,1.5811388300841898,8,1,0.0
68,2026-08-26,47,44.0,48.0,,-3.0,0.3333333333333333,,,1.481365736219265,9,1,0.0
68,2026-08-27,46,47.0,46.0,48.0,1.0,0.0,0.2857142857142857,-0.2857142857142857,1.4491376746189437,10,1,
68,2026-08-28,42,46.0,44.0,48.0,4.0,0.6666666666666666,0.8571428571428571,-0.19047619047619047,2.062654952856986,11,2,
68,2026-08-31,35,,42.0,46.0,,2.3333333333333335,1.5714285714285714,0.7619047619047621,4.191260749066641,12,2,
68,2026-09-14,28,,,,,,,,,13,2,
68,2026-09-15,27,28.0,,,1.0,,,,,14,2,
69,2026-08-14,46,,,,,,,,,1,1,
69,2026-08-26,46,,,,,,,,,2,1,0.0
69,2026-08-27,48,46.0,,,-2.0,,,,1.1547005383792517,3,1,
69,2026-08-28,46,48.0,,,2.0,,,,1.0,4,1,
69,2026-08-31,44,,46.0,,,0.6666666666666666,,,1.632993161855452,5,1,
69,2026-09-14,41,,,,,,,,,6,1,
69,2026-09-15,42,41.0,,,-1.0,,,,,7,1,
70,2026-08-15,7,,,,,,,,,1,2,1.0
70,2026-08-16,4,7.0,,,3.0,,,,,2,2,1.0
70,2026-08-18,3,4.0,7.0,,1.0,1.3333333333333333,,,2.0816659994661326,3,2,1.0
70,2026-08-20,1,3.0,4.0,,2.0,1.0,,,2.5,4,2,1.0
70,2026-08-21,2,1.0,3.0,,-1.0,0.3333333333333333,,,2.302172886644268,5,2,1.0
70,2026-08-22,3,2.0,3.0,7.0,-1.0,0.0,0.5714285714285714,-0.5714285714285714,2.065591117977289,6,2,0.0
70,2026-08-23,4,3.0,1.0,4.0,-1.0,-1.0,0.0,-1.0,1.9023794624226835,7,2,0.0
70,2026-08-24,7,4.0,2.0,4.0,-3.0,-1.6666666666666667,-0.42857142857142855,-1.2380952380952381,2.1671244937540095,8,2,
70,2026-08-25,9,7.0,3.0,3.0,-2.0,-2.0,-0.8571428571428571,-1.1428571428571428,2.6509956200978113,9,2,0.0
70,2026-08-26,14,9.0,4.0,3.0,-5.0,-3.3333333333333335,-1.5714285714285714,-1.761904761904762,3.9214509786273974,10,2,0.0
70,2026-08-27,21,14.0,7.0,1.0,-7.0,-4.666666666666667,-2.857142857142857,-1.8095238095238098,5.996968931354936,11,2,
70,2026-08-28,27,21.0,9.0,2.0,-6.0,-6.0,-3.5714285714285716,-2.4285714285714284,8.163109924309708,12,2,
70,2026-08-31,49,,27.0,7.0,,-7.333333333333333,-6.0,-1.333333333333333,14.677131253013371,13,1,
71,2026-08-15,11,,,,,,,,,1,2,1.0
71,2026-08-16,6,11.0,,,5.0,,,,,2,2,1.0
71,2026-08-18,4,6.0,11.0,,2.0,2.3333333333333335,,,3.605551275463989,3,2,1.0
71,2026-08-20,2,4.0,6.0,,2.0,1.3333333333333333,,,3.8622100754188224,4,2,0.0
71,2026-08-21,1,2.0,4.0,,1.0,1.0,,,3.96232255123179,5,2,0.0
71,2026-08-22,6,1.0,4.0,11.0,-5.0,-0.6666666666666666,0.7142857142857143,-1.380952380952381,3.5777087639996634,6,2,0.0
71,2026-08-23,9,6.0,2.0,6.0,-3.0,-2.3333333333333335,-0.42857142857142855,-1.9047619047619049,3.598941643369749,7,2,
71,2026-08-24,10,9.0,1.0,6.0,-1.0,-3.0,-0.5714285714285714,-2.428571428571429,3.6815175442433286,8,2,
71,2026-08-25,21,10.0,6.0,4.0,-11.0,-5.0,-2.4285714285714284,-2.5714285714285716,6.036923425424944,9,2,
71,2026-08-26,30,21.0,9.0,4.0,-9.0,-7.0,-3.7142857142857144,-3.2857142857142856,9.043106644167024,10,2,
71,2026-08-27,39,30.0,10.0,2.0,-9.0,-9.666666666666666,-5.285714285714286,-4.3809523809523805,12.249675320372596,11,2,
72,2026-08-15,17,,,,,,,,,1,1,1.0
72,2026-08-16,8,17.0,,,9.0,,,,,2,2,1.0
72,2026-08-18,5,8.0,17.0,,3.0,4.0,,,6.244997998398398,3,2,1.0
72,2026-08-20,4,5.0,8.0,,1.0,1.3333333333333333,,,5.916079783099616,4,2,1.0
72,2026-08-21,3,4.0,5.0,,1.0,0.6666666666666666,,,5.683308895353129,5,2,1.0
72,2026-08-22,5,3.0,5.0,17.0,-2.0,0.0,1.7142857142857142,-1.7142857142857142,5.176871642217914,6,2,1.0
72,2026-08-23,7,5.0,4.0,8.0,-2.0,-1.0,0.14285714285714285,-1.1428571428571428,4.725815626252608,7,2,0.0
72,2026-08-24,8,7.0,3.0,8.0,-1.0,-1.6666666666666667,0.0,-1.6666666666666667,4.38951673226759,8,2,
72,2026-08-25,7,8.0,5.0,5.0,1.0,-0.6666666666666666,-0.2857142857142857,-0.38095238095238093,4.1062283315849735,9,2,0.0
72,2026-08-26,11,7.0,7.0,5.0,-4.0,-1.3333333333333333,-0.8571428571428571,-0.47619047619047616,4.06201920231798,10,2,0.0
72,2026-08-27,16,11.0,8.0,4.0,-5.0,-2.6666666666666665,-1.7142857142857142,-0.9523809523809523,4.627978156623238,11,2,
72,2026-08-28,24,16.0,7.0,3.0,-8.0,-5.666666666666667,-3.0,-2.666666666666667,6.331139971074193,12,2,
72,2026-08-31,47,,24.0,8.0,,-7.666666666666667,-5.571428571428571,-2.095238095238096,13.010485281984193,13,1,
73,2026-08-15,22,,,,,,,,,1,1,1.0
73,2026-08-16,10,22.0,,,12.0,,,,,2,2,1.0
73,2026-08-18,7,10.0,22.0,,3.0,5.0,,,7.937253933193772,3,2,1.0
73,2026-08-20,7,7.0,10.0,,0.0,1.0,,,7.14142842854285,4,2,1.0
73,2026-08-21,4,7.0,7.0,,3.0,1.0,,,7.035623639735144,5,2,1.0
73,2026-08-22,6,4.0,7.0,22.0,-2.0,0.3333333333333333,2.2857142857142856,-1.9523809523809523,6.501281924871946,6,2,1.0
73,2026-08-23,5,6.0,7.0,10.0,1.0,0.6666666666666666,0.7142857142857143,-0.04761904761904767,6.156684327197709,7,2,1.0
73,2026-08-24,5,5.0,4.0,10.0,0.0,-0.3333333333333333,0.7142857142857143,-1.0476190476190477,5.849297882163783,8,2,
73,2026-08-25,5,5.0,6.0,7.0,0.0,0.3333333333333333,0.2857142857142857,0.047619047619047616,5.57773351022717,9,2,0.0
73,2026-08-26,6,5.0,5.0,7.0,-1.0,-0.3333333333333333,0.14285714285714285,-0.47619047619047616,5.2925524193068805,10,2,0.0
73,2026-08-27,9,6.0,5.0,7.0,-3.0,-1.3333333333333333,-0.2857142857142857,-1.0476190476190474,5.036232357987106,11,2,
73,2026-08-28,16,9.0,5.0,4.0,-7.0,-3.6666666666666665,-1.7142857142857142,-1.9523809523809523,5.351295510095068,12,2,
73,2026-08-31,35,,16.0,5.0,,-6.333333333333333,-4.285714285714286,-2.0476190476190474,9.059399939992012,13,2,
74,2026-08-15,25,,,,,,,,,1,1,1.0
74,2026-08-16,11,25.0,,,14.0,,,,,2,2,1.0
74,2026-08-18,8,11.0,25.0,,3.0,5.666666666666667,,,9.073771725877465,3,2,1.0
74,2026-08-20,6,8.0,11.0,,2.0,1.6666666666666667,,,8.582928793055823,4,2,1.0
74,2026-08-21,5,6.0,8.0,,1.0,1.0,,,8.154753215150045,5,2,1.0
74,2026-08-22,4,5.0,8.0,25.0,1.0,1.3333333333333333,3.0,-1.6666666666666667,7.833687935236294,6,2,1.0
74,2026-08-23,6,4.0,6.0,11.0,-2.0,0.0,0.7142857142857143,-0.7142857142857143,7.296444013222827,7,2,0.0
74,2026-08-24,6,6.0,5.0,11.0,0.0,-0.3333333333333333,0.7142857142857143,-1.0476190476190477,6.854352110677045,8,2,
74,2026-08-25,6,6.0,4.0,8.0,0.0,-0.6666666666666666,0.2857142857142857,-0.9523809523809523,6.482883446258908,9,2,0.0
74,2026-08-26,10,6.0,6.0,8.0,-4.0,-1.3333333333333333,-0.2857142857142857,-1.0476190476190474,6.129165250396393,10,2,0.0
74,2026-08-27,14,10.0,6.0,6.0,-4.0,-2.6666666666666665,-1.1428571428571428,-1.5238095238095237,6.030226891555272,11,2,
74,2026-08-28,23,14.0,6.0,5.0,-9.0,-5.666666666666667,-2.5714285714285716,-3.0952380952380953,6.99783516308415,12,2,
74,2026-08-31,45,,23.0,6.0,,-7.333333333333333,-5.571428571428571,-1.7619047619047619,12.210278829367866,13,1,
75,2026-08-15,29,,,,,,,,,1,1,1.0
75,2026-08-16,13,29.0,,,16.0,,,,,2,2,1.0
75,2026-08-18,9,13.0,29.0,,4.0,6.666666666666667,,,10.583005244258363,3,2,1.0
75,2026-08-20,8,9.0,13.0,,1.0,1.6666666666666667,,,9.742518497116988,4,2,0.0
75,2026-08-21,8,8.0,9.0,,0.0,0.3333333333333333,,,8.961026726887942,5,2,0.0
75,2026-08-22,9,8.0,9.0,29.0,-1.0,0.0,2.857142857142857,-2.857142857142857,8.2138095100061,6,2,0.0
75,2026-08-23,12,9.0,8.0,13.0,-3.0,-1.3333333333333333,0.14285714285714285,-1.476190476190476,7.5023805745719345,7,2,
75,2026-08-24,15,12.0,8.0,13.0,-3.0,-2.3333333333333335,-0.2857142857142857,-2.047619047619048,6.998724373565718,8,2,
75,2026-08-25,22,15.0,9.0,9.0,-7.0,-4.333333333333333,-1.8571428571428572,-2.476190476190476,7.218802609235905,9,2,
75,2026-08-26,27,22.0,12.0,9.0,-5.0,-5.0,-2.5714285714285716,-2.4285714285714284,7.96938586787659,10,2,
75,2026-08-27,37,27.0,15.0,8.0,-10.0,-7.333333333333333,-4.142857142857143,-3.19047619047619,10.018165319240662,11,2,
76,2026-08-15,31,,,,,,,,,1,1,1.0
76,2026-08-16,20,31.0,,,11.0,,,,,2,1,1.0
76,2026-08-18,10,20.0,31.0,,10.0,7.0,,,10.503967504392488,3,2,1.0
76,2026-08-20,9,10.0,20.0,,1.0,3.6666666666666665,,,10.279429296739517,4,2,1.0
76,2026-08-21,9,9.0,10.0,,0.0,0.3333333333333333,,,9.67987603226405,5,2,0.0
76,2026-08-22,11,9.0,10.0,31.0,-2.0,-0.3333333333333333,2.857142857142857,-3.1904761904761907,8.87693640846886,6,2,0.0
76,2026-08-23,10,11.0,9.0,20.0,1.0,-0.3333333333333333,1.4285714285714286,-1.7619047619047619,8.320943169983511,7,2,0.0
76,2026-08-24,11,10.0,9.0,20.0,-1.0,-0.6666666666666666,1.2857142857142858,-1.9523809523809526,7.790791267350741,8,2,
76,2026-08-25,16,11.0,11.0,10.0,-5.0,-1.6666666666666667,-0.8571428571428571,-0.8095238095238096,7.321960878829598,9,2,
76,2026-08-26,21,16.0,10.0,10.0,-5.0,-3.6666666666666665,-1.5714285714285714,-2.095238095238095,7.2387844283415435,10,2,
76,2026-08-27,27,21.0,11.0,9.0,-6.0,-5.333333333333333,-2.5714285714285716,-2.7619047619047614,7.790437028235907,11,2,
76,2026-08-28,34,27.0,16.0,9.0,-7.0,-6.0,-3.5714285714285716,-2.4285714285714284,9.080031370924315,12,1,
77,2026-08-15,39,,,,,,,,,1,1,1.0
77,2026-08-16,24,39.0,,,15.0,,,,,2,1,1.0
77,2026-08-18,13,24.0,39.0,,11.0,8.666666666666666,,,13.051181300301261,3,2,0.0
77,2026-08-20,13,13.0,24.0,,0.0,3.6666666666666665,,,12.311918344975057,4,2,0.0
77,2026-08-21,12,13.0,13.0,,1.0,0.3333333333333333,,,11.606032913963324,5,2,
77,2026-08-22,14,12.0,13.0,39.0,-2.0,-0.3333333333333333,3.5714285714285716,-3.904761904761905,10.684880283216403,6,2,
77,2026-08-23,24,14.0,13.0,24.0,-10.0,-3.6666666666666665,0.0,-3.6666666666666665,9.92351704166373,7,2,
77,2026-08-24,32,24.0,12.0,24.0,-8.0,-6.666666666666667,-1.1428571428571428,-5.523809523809524,10.14097064951308,8,2,
77,2026-08-25,43,32.0,14.0,13.0,-11.0,-9.666666666666666,-4.285714285714286,-5.3809523809523805,11.914044000441011,9,1,
78,2026-08-15,41,,,,,,,,,1,1,1.0
78,2026-08-16,22,41.0,,,19.0,,,,,2,1,1.0
78,2026-08-18,12,22.0,41.0,,10.0,9.666666666666666,,,14.730919862656235,3,2,1.0
78,2026-08-20,10,12.0,22.0,,2.0,4.0,,,14.174507634012077,4,2,1.0
78,2026-08-21,10,10.0,12.0,,0.0,0.6666666666666666,,,13.2664991614216,5,2,0.0
78,2026-08-22,12,10.0,12.0,41.0,-2.0,0.0,4.142857142857143,-4.142857142857143,12.205190152827061,6,2,0.0
78,2026-08-23,11,12.0,10.0,22.0,1.0,-0.3333333333333333,1.5714285714285714,-1.9047619047619047,11.437199124327766,7,2,0.0
78,2026-08-24,12,11.0,10.0,22.0,-1.0,-0.6666666666666666,1.4285714285714286,-2.0952380952380953,10.727135152100423,8,2,
78,2026-08-25,18,12.0,12.0,12.0,-6.0,-2.0,-0.8571428571428571,-1.1428571428571428,10.051257522209735,9,2,
78,2026-08-26,23,18.0,11.0,12.0,-5.0,-4.0,-1.5714285714285714,-2.428571428571429,9.700515450222218,10,2,
78,2026-08-27,28,23.0,12.0,10.0,-5.0,-5.333333333333333,-2.5714285714285716,-2.7619047619047614,9.771945000403404,11,2,
78,2026-08-28,40,28.0,18.0,10.0,-12.0,-7.333333333333333,-4.285714285714286,-3.0476190476190474,11.261021537169976,12,2,
79,2026-08-15,45,,,,,,,,,1,1,1.0
79,2026-08-16,26,45.0,,,19.0,,,,,2,1,1.0
79,2026-08-18,14,26.0,45.0,,12.0,10.333333333333334,,,15.631165450257807,3,2,1.0
79,2026-08-20,12,14.0,26.0,,2.0,4.666666666666667,,,15.152007567755943,4,2,0.0
79,2026-08-21,11,12.0,14.0,,1.0,1.0,,,14.39791651594077,5,2,0.0
79,2026-08-22,13,11.0,14.0,45.0,-2.0,0.3333333333333333,4.571428571428571,-4.238095238095238,13.347908700117284,6,2,
79,2026-08-23,14,13.0,12.0,26.0,-1.0,-0.6666666666666666,1.7142857142857142,-2.380952380952381,12.4058358003305,7,2,
79,2026-08-24,22,14.0,11.0,26.0,-8.0,-3.6666666666666665,0.5714285714285714,-4.238095238095238,11.525592640479957,8,2,
79,2026-08-25,29,22.0,13.0,14.0,-7.0,-5.333333333333333,-2.142857142857143,-3.1904761904761902,11.224972160321824,9,2,
79,2026-08-26,36,29.0,14.0,14.0,-7.0,-7.333333333333333,-3.142857142857143,-4.19047619047619,11.640923980127655,10,2,
80,2026-08-15,50,,,,,,,,,1,1,1.0
80,2026-08-16,29,50.0,,,21.0,,,,,2,1,1.0
80,2026-08-18,15,29.0,50.0,,14.0,11.666666666666666,,,17.616280348965084,3,2,0.0
80,2026-08-20,14,15.0,29.0,,1.0,5.0,,,16.792855623746664,4,2,0.0
80,2026-08-21,14,14.0,15.0,,0.0,0.3333333333333333,,,15.662056059151366,5,2,
80,2026-08-22,16,14.0,15.0,50.0,-2.0,-0.3333333333333333,4.857142857142857,-5.19047619047619,14.422205101855956,6,2,
80,2026-08-23,23,16.0,14.0,29.0,-7.0,-3.0,0.8571428571428571,-3.857142857142857,13.165611772087667,7,2,
80,2026-08-24,28,23.0,14.0,29.0,-5.0,-4.666666666666667,0.14285714285714285,-4.80952380952381,12.316510405607126,8,2,
80,2026-08-25,37,28.0,16.0,15.0,-9.0,-7.0,-3.142857142857143,-3.857142857142857,12.353586973470948,9,2,
81,2026-08-16,48,,,,,,,,,1,1,0.0
81,2026-08-18,42,48.0,,,6.0,,,,,2,1,0.0
81,2026-08-20,38,42.0,48.0,,4.0,3.3333333333333335,,,5.033222956847167,3,1,
81,2026-08-21,38,38.0,42.0,,0.0,1.3333333333333333,,,4.725815626252608,4,1,
81,2026-08-22,38,38.0,42.0,,0.0,1.3333333333333333,,,4.381780460041329,5,1,
81,2026-08-23,43,38.0,38.0,48.0,-5.0,-1.6666666666666667,0.7142857142857143,-2.380952380952381,4.020779360604939,6,1,
82,2026-08-16,32,,,,,,,,,1,1,1.0
82,2026-08-18,16,32.0,,,16.0,,,,,2,2,0.0
82,2026-08-20,15,16.0,32.0,,1.0,5.666666666666667,,,9.539392014169456,3,2,0.0
82,2026-08-21,15,15.0,16.0,,0.0,0.3333333333333333,,,8.34665601703261,4,2,
82,2026-08-22,17,15.0,16.0,,-2.0,-0.3333333333333333,,,7.314369419163897,5,2,
82,2026-08-23,26,17.0,15.0,32.0,-9.0,-3.6666666666666665,0.8571428571428571,-4.523809523809524,7.139094246938239,6,2,
82,2026-08-24,31,26.0,15.0,32.0,-5.0,-5.333333333333333,0.14285714285714285,-5.476190476190476,7.696628822938991,7,2,
82,2026-08-25,39,31.0,17.0,16.0,-8.0,-7.333333333333333,-3.2857142857142856,-4.0476190476190474,9.387491677759293,8,1,
83,2026-08-16,36,,,,,,,,,1,1,1.0
83,2026-08-18,17,36.0,,,19.0,,,,,2,2,0.0
83,2026-08-20,17,17.0,36.0,,0.0,6.333333333333333,,,10.969655114602888,3,2,
83,2026-08-21,16,17.0,17.0,,1.0,0.3333333333333333,,,9.678154093971983,4,2,
83,2026-08-22,23,16.0,17.0,,-7.0,-2.0,,,8.408329203831164,5,2,
83,2026-08-23,34,23.0,17.0,36.0,-11.0,-5.666666666666667,0.2857142857142857,-5.9523809523809526,9.020347369512256,6,2,
83,2026-08-24,44,34.0,16.0,36.0,-10.0,-9.333333333333334,-1.1428571428571428,-8.190476190476192,11.220729116450585,7,1,
84,2026-08-16,38,,,,,,,,,1,1,1.0
84,2026-08-18,19,38.0,,,19.0,,,,,2,2,0.0
84,2026-08-20,19,19.0,38.0,,0.0,6.333333333333333,,,10.969655114602888,3,2,
84,2026-08-21,18,19.0,19.0,,1.0,0.3333333333333333,,,9.678154093971983,4,2,
84,2026-08-22,28,18.0,19.0,,-10.0,-3.0,,,8.61974477580398,5,2,
84,2026-08-23,39,28.0,19.0,38.0,-11.0,-6.666666666666667,-0.14285714285714285,-6.523809523809524,9.745084230865665,6,2,
85,2026-08-16,39,,,,,,,,,1,1,1.0
85,2026-08-18,18,39.0,,,21.0,,,,,2,2,0.0
85,2026-08-20,18,18.0,39.0,,0.0,7.0,,,12.12435565298214,3,2,0.0
85,2026-08-21,17,18.0,18.0,,1.0,0.3333333333333333,,,10.677078252031311,4,2,
85,2026-08-22,20,17.0,18.0,,-3.0,-0.6666666666666666,,,9.343446901438464,5,2,
85,2026-08-23,31,20.0,18.0,39.0,-11.0,-4.333333333333333,1.1428571428571428,-5.476190476190476,9.064583093924764,6,2,
85,2026-08-24,36,31.0,17.0,39.0,-5.0,-6.333333333333333,0.42857142857142855,-6.761904761904762,9.466733735510237,7,2,
85,2026-08-25,45,36.0,20.0,18.0,-9.0,-8.333333333333334,-3.857142857142857,-4.476190476190476,11.135528725660043,8,1,
86,2026-08-16,45,,,,,,,,,1,1,1.0
86,2026-08-18,26,45.0,,,19.0,,,,,2,1,0.0
86,2026-08-20,20,26.0,45.0,,6.0,8.333333333333334,,,13.051181300301263,3,2,
86,2026-08-21,20,20.0,26.0,,0.0,2.0,,,11.84271928232701,4,2,
86,2026-08-22,30,20.0,26.0,,-10.0,-1.3333333333333333,,,10.305338422390601,5,2,
86,2026-08-23,41,30.0,20.0,45.0,-11.0,-7.0,0.5714285714285714,-7.571428571428571,10.595596569644707,6,2,
86,2026-08-24,50,41.0,20.0,45.0,-9.0,-10.0,-0.7142857142857143,-9.285714285714286,12.198750911856665,7,1,
87,2026-08-18,27,,,,,,,,,1,2,1.0
87,2026-08-20,15,27.0,,,12.0,,,,,2,2,1.0
87,2026-08-21,12,15.0,27.0,,3.0,5.0,,,7.937253933193772,3,2,1.0
87,2026-08-22,12,12.0,27.0,,0.0,5.0,,,7.14142842854285,4,2,1.0
87,2026-08-23,8,12.0,15.0,,4.0,2.3333333333333335,,,7.259476565152614,5,2,1.0
87,2026-08-24,9,8.0,12.0,,-1.0,1.0,,,6.911343333004567,6,2,
87,2026-08-25,10,9.0,12.0,27.0,-1.0,0.6666666666666666,2.4285714285714284,-1.7619047619047619,6.473388749701496,7,2,1.0
87,2026-08-26,9,10.0,8.0,27.0,1.0,-0.3333333333333333,2.5714285714285716,-2.904761904761905,6.181770435262516,8,2,1.0
87,2026-08-27,10,9.0,9.0,15.0,-1.0,-0.3333333333333333,0.7142857142857143,-1.0476190476190477,5.854722690083431,9,2,
87,2026-08-28,12,10.0,10.0,12.0,-2.0,-0.6666666666666666,0.0,-0.6666666666666666,5.521674464226309,10,1,
87,2026-08-31,15,,12.0,9.0,,-1.0,-0.8571428571428571,-0.1428571428571429,5.296654175472046,11,1,
87,2026-09-14,38,,,,,,,,,12,1,
87,2026-09-15,40,38.0,,,-2.0,,,,,13,1,
88,2026-08-24,45,,,,,,,,,1,2,
88,2026-08-25,42,45.0,,,3.0,,,,,2,2,
88,2026-08-26,39,42.0,,,3.0,,,,3.0,3,2,
88,2026-08-27,36,39.0,45.0,,3.0,3.0,,,3.872983346207417,4,2,
88,2026-08-28,37,36.0,42.0,,-1.0,1.6666666666666667,,,3.7013511046643495,5,2,
89,2026-08-25,50,,,,,,,,,1,1,0.0
89,2026-08-28,50,,50.0,,,0.0,,,,2,1,
89,2026-08-31,49,,50.0,,,0.3333333333333333,,,0.5773502691896258,3,1,
90,2026-08-25,49,,,,,,,,,1,1,0.0
90,2026-08-26,48,49.0,,,1.0,,,,,2,1,0.0
90,2026-08-27,49,48.0,,,-1.0,,,,0.5773502691896258,3,1,
90,2026-08-28,44,49.0,49.0,,5.0,1.6666666666666667,,,2.3804761428476167,4,1,
90,2026-08-31,31,,44.0,,,4.333333333333333,,,7.661592523751182,5,1,
90,2026-09-14,42,,,,,,,,,6,1,
90,2026-09-15,41,42.0,,,1.0,,,,,7,1,
91,2026-08-26,28,,,,,,,,,1,2,1.0
91,2026-08-27,15,28.0,,,13.0,,,,,2,2,
91,2026-08-28,9,15.0,,,6.0,,,,9.71253485622231,3,2,
91,2026-08-31,5,,9.0,,,1.3333333333333333,,,10.04572877727976,4,2,
92,2026-08-26,44,,,,,,,,,1,1,0.0
92,2026-08-27,35,44.0,,,9.0,,,,,2,1,
92,2026-08-28,35,35.0,,,0.0,,,,5.196152422706632,3,1,
92,2026-08-31,30,,35.0,,,1.6666666666666667,,,5.830951894845301,4,1,
92,2026-09-14,43,,,,,,,,,5,1,
92,2026-09-15,39,43.0,,,4.0,,,,,6,1,
94,2026-08-27,13,,,,,,,,,1,1,
94,2026-08-28,5,13.0,,,8.0,,,,,2,2,
94,2026-08-31,3,,5.0,,,0.6666666666666666,,,5.291502622129181,3,2,
95,2026-08-27,44,,,,,,,,,1,1,
95,2026-08-28,22,44.0,,,22.0,,,,,2,1,
95,2026-08-31,7,,22.0,,,5.0,,,18.610033136277146,3,2,
96,2026-08-28,49,,,,,,,,,1,1,
96,2026-08-31,39,,49.0,,,3.3333333333333335,,,,2,1,
96,2026-09-14,41,,,,,,,,,3,1,
96,2026-09-15,38,41.0,,,3.0,,,,,4,1,
97,2026-08-31,38,,,,,,,,,1,1,
97,2026-09-14,40,,,,,,,,,2,1,
97,2026-09-15,41,40.0,,,-1.0,,,,,3,1,
100,2026-08-31,50,,,,,,,,,1,1,
100,2026-09-14,26,,,,,,,,,2,2,
100,2026-09-15,26,26.0,,,0.0,,,,,3,2,
